concept,poker_meaning,street,category,layer,producer,consumer,function,state_variables,inputs,output,source_knowledge,axis,runtime_status,action_influence,duplicate_overload,recommended_canonical_name,evidence,origin,current_function
bluff,근거를 행동으로 연결하는 블러프 능력; 근거 자체와 구별,flop turn river,PERSONALITY / TEMPERAMENT capability (mixed knowledge/reasoning),JUDGMENT -> PLAN,persona.make_player;persona.sk,plan.make_plan;plan.river_fix;plan.bluff_mode;preflop.multiway_reraise_decision,persona.make_player;persona.sk,profile.concepts.bluff,"persona.make_player(rng, field_quality=0.6, pid=None, _depth=0, aggr_bias=0.0, loose_bias=0.0); persona.sk(prof, concept, default=4.0)",0..10 ability; gate/bias depends on consumer,H,GTO prior / reasoning / exploit,SEMANTICALLY_OVERLOADED,YES (direct or upstream),SPLIT ability / evidence / temperament,bluff_ground_utilization_skill,persona.py:224; persona.py:373,EXPLICIT_DECLARED,persona.make_player;persona.sk
semibluff,미완성 드로우를 공격 라인으로 운용하는 능력,flop turn,PERSONALITY / TEMPERAMENT capability (mixed knowledge/reasoning),JUDGMENT -> PLAN,persona.make_player;persona.sk,plan.make_plan;plan.decide_response;plan.checkraise_decision,persona.make_player;persona.sk,profile.concepts.semibluff,"persona.make_player(rng, field_quality=0.6, pid=None, _depth=0, aggr_bias=0.0, loose_bias=0.0); persona.sk(prof, concept, default=4.0)",0..10 ability; gate/bias depends on consumer,H,GTO prior / reasoning / exploit,ACTIVE,YES (direct or upstream),SPLIT flop/turn context; river inapplicable,semibluff_utilization_skill,persona.py:224; persona.py:373,EXPLICIT_DECLARED,persona.make_player;persona.sk
cbet_flop,프리플랍 공격권의 플랍 지속베팅 능력,flop,PERSONALITY / TEMPERAMENT capability (mixed knowledge/reasoning),JUDGMENT -> PLAN,persona.make_player;persona.sk,plan.cbet_freq,persona.make_player;persona.sk,profile.concepts.cbet_flop,"persona.make_player(rng, field_quality=0.6, pid=None, _depth=0, aggr_bias=0.0, loose_bias=0.0); persona.sk(prof, concept, default=4.0)",0..10 ability; gate/bias depends on consumer,H,GTO prior / reasoning / exploit,ACTIVE,YES (direct or upstream),KEEP street identity,cbet_flop_skill,persona.py:224; persona.py:373,EXPLICIT_DECLARED,persona.make_player;persona.sk
barrel_turn,기존 라인을 이어 턴에 공격하는 능력,turn,PERSONALITY / TEMPERAMENT capability (mixed knowledge/reasoning),JUDGMENT -> PLAN,persona.make_player;persona.sk,plan.cbet_freq;plan.decide_aggression,persona.make_player;persona.sk,profile.concepts.barrel_turn,"persona.make_player(rng, field_quality=0.6, pid=None, _depth=0, aggr_bias=0.0, loose_bias=0.0); persona.sk(prof, concept, default=4.0)",0..10 ability; gate/bias depends on consumer,H,GTO prior / reasoning / exploit,ACTIVE,YES (direct or upstream),KEEP distinct from flop,barrel_turn_skill,persona.py:224; persona.py:373,EXPLICIT_DECLARED,persona.make_player;persona.sk
barrel_river,마지막 스트리트 공격 능력,river,PERSONALITY / TEMPERAMENT capability (mixed knowledge/reasoning),JUDGMENT -> PLAN,persona.make_player;persona.sk,plan.cbet_freq;plan.decide_aggression,persona.make_player;persona.sk,profile.concepts.barrel_river,"persona.make_player(rng, field_quality=0.6, pid=None, _depth=0, aggr_bias=0.0, loose_bias=0.0); persona.sk(prof, concept, default=4.0)",0..10 ability; gate/bias depends on consumer,H,GTO prior / reasoning / exploit,ACTIVE,YES (direct or upstream),KEEP terminal context,barrel_river_skill,persona.py:224; persona.py:373,EXPLICIT_DECLARED,persona.make_player;persona.sk
checkraise_flop,플랍 체크 후 레이즈 능력,flop,PERSONALITY / TEMPERAMENT capability (mixed knowledge/reasoning),JUDGMENT -> PLAN,persona.make_player;persona.sk,plan.checkraise_decision;plan._allowed,persona.make_player;persona.sk,profile.concepts.checkraise_flop,"persona.make_player(rng, field_quality=0.6, pid=None, _depth=0, aggr_bias=0.0, loose_bias=0.0); persona.sk(prof, concept, default=4.0)",0..10 ability; gate/bias depends on consumer,H,GTO prior / reasoning / exploit,SEMANTICALLY_OVERLOADED,YES (direct or upstream),SPLIT generic trap gate also aliases flop,checkraise_flop_skill,persona.py:224; persona.py:373,EXPLICIT_DECLARED,persona.make_player;persona.sk
checkraise_late,턴/리버 체크레이즈 공유 능력,turn river,PERSONALITY / TEMPERAMENT capability (mixed knowledge/reasoning),JUDGMENT -> PLAN,persona.make_player;persona.sk,plan.checkraise_decision;plan.checkraise_size,persona.make_player;persona.sk,profile.concepts.checkraise_late,"persona.make_player(rng, field_quality=0.6, pid=None, _depth=0, aggr_bias=0.0, loose_bias=0.0); persona.sk(prof, concept, default=4.0)",0..10 ability; gate/bias depends on consumer,H,GTO prior / reasoning / exploit,SEMANTICALLY_OVERLOADED,YES (direct or upstream),SPLIT turn semibluff vs river no draw,checkraise_turn_skill / checkraise_river_skill,persona.py:224; persona.py:373,EXPLICIT_DECLARED,persona.make_player;persona.sk
bluffcatch_early,플랍/턴 블러프캐치 및 콜 편향,flop turn,PERSONALITY / TEMPERAMENT capability (mixed knowledge/reasoning),JUDGMENT -> PLAN,persona.make_player;persona.sk,plan.decide_response;persona.bias;persona.call_bias,persona.make_player;persona.sk,profile.concepts.bluffcatch_early,"persona.make_player(rng, field_quality=0.6, pid=None, _depth=0, aggr_bias=0.0, loose_bias=0.0); persona.sk(prof, concept, default=4.0)",0..10 ability; gate/bias depends on consumer,H,GTO prior / reasoning / exploit,SEMANTICALLY_OVERLOADED,YES (direct or upstream),SPLIT capability / subjective call bias,bluffcatch_flop_skill / bluffcatch_turn_skill,persona.py:224; persona.py:373,EXPLICIT_DECLARED,persona.make_player;persona.sk
bluffcatch_river,리버 블러프캐치 능력,river,PERSONALITY / TEMPERAMENT capability (mixed knowledge/reasoning),JUDGMENT -> PLAN,persona.make_player;persona.sk,plan.decide_response;persona.bias;persona.call_bias,persona.make_player;persona.sk,profile.concepts.bluffcatch_river,"persona.make_player(rng, field_quality=0.6, pid=None, _depth=0, aggr_bias=0.0, loose_bias=0.0); persona.sk(prof, concept, default=4.0)",0..10 ability; gate/bias depends on consumer,H,GTO prior / reasoning / exploit,SEMANTICALLY_OVERLOADED,YES (direct or upstream),SPLIT capability / subjective call bias,bluffcatch_river_skill,persona.py:224; persona.py:373,EXPLICIT_DECLARED,persona.make_player;persona.sk
thin_value_turn,턴 얇은 밸류 판단 능력,turn,PERSONALITY / TEMPERAMENT capability (mixed knowledge/reasoning),JUDGMENT -> PLAN,persona.make_player;persona.sk,plan.make_plan;plan.decide_aggression,persona.make_player;persona.sk,profile.concepts.thin_value_turn,"persona.make_player(rng, field_quality=0.6, pid=None, _depth=0, aggr_bias=0.0, loose_bias=0.0); persona.sk(prof, concept, default=4.0)",0..10 ability; gate/bias depends on consumer,H,GTO prior / reasoning / exploit,ACTIVE,YES (direct or upstream),KEEP; flop uses range_merge,thin_value_turn_skill,persona.py:224; persona.py:373,EXPLICIT_DECLARED,persona.make_player;persona.sk
thin_value_river,리버 계속 레인지 대상 얇은 밸류 능력,river,PERSONALITY / TEMPERAMENT capability (mixed knowledge/reasoning),JUDGMENT -> PLAN,persona.make_player;persona.sk,plan.river_fix;plan.decide_aggression,persona.make_player;persona.sk,profile.concepts.thin_value_river,"persona.make_player(rng, field_quality=0.6, pid=None, _depth=0, aggr_bias=0.0, loose_bias=0.0); persona.sk(prof, concept, default=4.0)",0..10 ability; gate/bias depends on consumer,H,GTO prior / reasoning / exploit,ACTIVE,YES (direct or upstream),KEEP terminal continue-range question,thin_value_river_skill,persona.py:224; persona.py:373,EXPLICIT_DECLARED,persona.make_player;persona.sk
blockbet,작은 OOP 베팅 라인 및 사이즈 능력,flop turn river,PERSONALITY / TEMPERAMENT capability (mixed knowledge/reasoning),JUDGMENT -> PLAN,persona.make_player;persona.sk,plan.make_plan;plan.decide_size,persona.make_player;persona.sk,profile.concepts.blockbet,"persona.make_player(rng, field_quality=0.6, pid=None, _depth=0, aggr_bias=0.0, loose_bias=0.0); persona.sk(prof, concept, default=4.0)",0..10 ability; gate/bias depends on consumer,H,GTO prior / reasoning / exploit,SEMANTICALLY_OVERLOADED,YES (direct or upstream),SPLIT motive / size; flop donk overlap,blockbet_planning_skill,persona.py:224; persona.py:373,EXPLICIT_DECLARED,persona.make_player;persona.sk
potcontrol,큰 팟 회피 motive 및 공격빈도 완화,flop turn river,PERSONALITY / TEMPERAMENT capability (mixed knowledge/reasoning),JUDGMENT -> PLAN,persona.make_player;persona.sk,plan.make_plan;plan.decide_aggression;plan.refresh,persona.make_player;persona.sk,profile.concepts.potcontrol,"persona.make_player(rng, field_quality=0.6, pid=None, _depth=0, aggr_bias=0.0, loose_bias=0.0); persona.sk(prof, concept, default=4.0)",0..10 ability; gate/bias depends on consumer,H,GTO prior / reasoning / exploit,SEMANTICALLY_OVERLOADED,YES (direct or upstream),SPLIT motive vs frequency scalar,potcontrol_reasoning_skill,persona.py:224; persona.py:373,EXPLICIT_DECLARED,persona.make_player;persona.sk
trap,강한 패로 상대 공격을 유도하는 능력,flop turn river,PERSONALITY / TEMPERAMENT capability (mixed knowledge/reasoning),JUDGMENT -> PLAN,persona.make_player;persona.sk,plan.trap_judgment;plan.make_plan;plan._allowed,persona.make_player;persona.sk,profile.concepts.trap,"persona.make_player(rng, field_quality=0.6, pid=None, _depth=0, aggr_bias=0.0, loose_bias=0.0); persona.sk(prof, concept, default=4.0)",0..10 ability; gate/bias depends on consumer,H,GTO prior / reasoning / exploit,SEMANTICALLY_OVERLOADED,YES (direct or upstream),SPLIT no-bite / checkraise gate,trap_induction_skill,persona.py:224; persona.py:373,EXPLICIT_DECLARED,persona.make_player;persona.sk
overbet,팟 초과 사이징 근거를 활용하는 능력,turn river,PERSONALITY / TEMPERAMENT capability (mixed knowledge/reasoning),JUDGMENT -> PLAN,persona.make_player;persona.sk,plan.overbet_frac,persona.make_player;persona.sk,profile.concepts.overbet,"persona.make_player(rng, field_quality=0.6, pid=None, _depth=0, aggr_bias=0.0, loose_bias=0.0); persona.sk(prof, concept, default=4.0)",0..10 ability; gate/bias depends on consumer,H,GTO prior / reasoning / exploit,ACTIVE,YES (direct or upstream),SPLIT street semantics at execution function,overbet_utilization_skill,persona.py:224; persona.py:373,EXPLICIT_DECLARED,persona.make_player;persona.sk
probe,상대가 이전 스트리트 체크한 뒤 공격 능력,turn river,PERSONALITY / TEMPERAMENT capability (mixed knowledge/reasoning),JUDGMENT -> PLAN,persona.make_player;persona.sk,plan.decide_aggression,persona.make_player;persona.sk,profile.concepts.probe,"persona.make_player(rng, field_quality=0.6, pid=None, _depth=0, aggr_bias=0.0, loose_bias=0.0); persona.sk(prof, concept, default=4.0)",0..10 ability; gate/bias depends on consumer,H,GTO prior / reasoning / exploit,SEMANTICALLY_OVERLOADED,YES (direct or upstream),SPLIT poker probe vs bluff_mode probe sizing,probe_opportunity_skill,persona.py:224; persona.py:373,EXPLICIT_DECLARED,persona.make_player;persona.sk
delayed_cbet,플랍 체크 후 턴 지속베팅 능력,turn,PERSONALITY / TEMPERAMENT capability (mixed knowledge/reasoning),JUDGMENT -> PLAN,persona.make_player;persona.sk,plan.decide_aggression,persona.make_player;persona.sk,profile.concepts.delayed_cbet,"persona.make_player(rng, field_quality=0.6, pid=None, _depth=0, aggr_bias=0.0, loose_bias=0.0); persona.sk(prof, concept, default=4.0)",0..10 ability; gate/bias depends on consumer,H,GTO prior / reasoning / exploit,ACTIVE,YES (direct or upstream),KEEP,delayed_cbet_turn_skill,persona.py:224; persona.py:373,EXPLICIT_DECLARED,persona.make_player;persona.sk
equity_denial,상대 드로우 실현 방지 사이징 능력,flop turn,PERSONALITY / TEMPERAMENT capability (mixed knowledge/reasoning),JUDGMENT -> PLAN,persona.make_player;persona.sk,plan.decide_size,persona.make_player;persona.sk,profile.concepts.equity_denial,"persona.make_player(rng, field_quality=0.6, pid=None, _depth=0, aggr_bias=0.0, loose_bias=0.0); persona.sk(prof, concept, default=4.0)",0..10 ability; gate/bias depends on consumer,H,GTO prior / reasoning / exploit,ACTIVE,YES (direct or upstream),KEEP; no river future equity,draw_equity_denial_skill,persona.py:224; persona.py:373,EXPLICIT_DECLARED,persona.make_player;persona.sk
stackoff,목표 투자량을 스택오프 계획으로 연결,flop turn river,PERSONALITY / TEMPERAMENT capability (mixed knowledge/reasoning),JUDGMENT -> PLAN,persona.make_player;persona.sk,plan.make_plan;plan.stackoff_plan,persona.make_player;persona.sk,profile.concepts.stackoff,"persona.make_player(rng, field_quality=0.6, pid=None, _depth=0, aggr_bias=0.0, loose_bias=0.0); persona.sk(prof, concept, default=4.0)",0..10 ability; gate/bias depends on consumer,H,GTO prior / reasoning / exploit,SEMANTICALLY_OVERLOADED,YES (direct or upstream),SPLIT ability / investment horizon,stackoff_planning_skill,persona.py:224; persona.py:373,EXPLICIT_DECLARED,persona.make_player;persona.sk
reraise,공격 재상승 능력과 레이즈 실행 gate,preflop flop turn river,PERSONALITY / TEMPERAMENT capability (mixed knowledge/reasoning),JUDGMENT -> PLAN,persona.make_player;persona.sk,preflop.raise_form;plan.decide_response,persona.make_player;persona.sk,profile.concepts.reraise,"persona.make_player(rng, field_quality=0.6, pid=None, _depth=0, aggr_bias=0.0, loose_bias=0.0); persona.sk(prof, concept, default=4.0)",0..10 ability; gate/bias depends on consumer,H,GTO prior / reasoning / exploit,SEMANTICALLY_OVERLOADED,YES (direct or upstream),SPLIT preflop/postflop uses,reraise_reasoning_skill,persona.py:224; persona.py:373,EXPLICIT_DECLARED,persona.make_player;persona.sk
outs,드로우 outs 인식 및 noisy calculation,flop turn,PERSONALITY / TEMPERAMENT capability (mixed knowledge/reasoning),JUDGMENT -> PLAN,persona.make_player;persona.sk,bot.draw_strength;persona.calc_noise;plan.make_plan;plan.refresh,persona.make_player;persona.sk,profile.concepts.outs,"persona.make_player(rng, field_quality=0.6, pid=None, _depth=0, aggr_bias=0.0, loose_bias=0.0); persona.sk(prof, concept, default=4.0)",0..10 ability; gate/bias depends on consumer,H,GTO prior / reasoning / exploit,SEMANTICALLY_OVERLOADED,YES (direct or upstream),SPLIT raw draw count / perception,draw_outs_calculation_skill,persona.py:224; persona.py:373,EXPLICIT_DECLARED,persona.make_player;persona.sk
potodds,콜 필요지분 계산 정확성 및 행동 판단,preflop flop turn river,PERSONALITY / TEMPERAMENT capability (mixed knowledge/reasoning),JUDGMENT -> PLAN,persona.make_player;persona.sk,plan.calldown_need;preflop.multiway_reraise_decision;preflop.calloff_layer_judgment,persona.make_player;persona.sk,profile.concepts.potodds,"persona.make_player(rng, field_quality=0.6, pid=None, _depth=0, aggr_bias=0.0, loose_bias=0.0); persona.sk(prof, concept, default=4.0)",0..10 ability; gate/bias depends on consumer,H,GTO prior / reasoning / exploit,SEMANTICALLY_OVERLOADED,YES (direct or upstream),SPLIT math precision / reasoning confidence,pot_odds_calculation_skill,persona.py:224; persona.py:373,EXPLICIT_DECLARED,persona.make_player;persona.sk
spr,SPR 계산오차와 깊이 체감/목표투자,preflop flop turn river,PERSONALITY / TEMPERAMENT capability (mixed knowledge/reasoning),JUDGMENT -> PLAN,persona.make_player;persona.sk,plan.make_plan;plan.target_commit;depth.depth_feel,persona.make_player;persona.sk,profile.concepts.spr,"persona.make_player(rng, field_quality=0.6, pid=None, _depth=0, aggr_bias=0.0, loose_bias=0.0); persona.sk(prof, concept, default=4.0)",0..10 ability; gate/bias depends on consumer,H,GTO prior / reasoning / exploit,SEMANTICALLY_OVERLOADED,YES (direct or upstream),SPLIT ratio / perception / plan,spr_perception_skill,persona.py:224; persona.py:373,EXPLICIT_DECLARED,persona.make_player;persona.sk
range_read,액션 posterior 정확도와 bluff/value/line 해석,preflop flop turn river,PERSONALITY / TEMPERAMENT capability (mixed knowledge/reasoning),JUDGMENT -> PLAN,persona.make_player;persona.sk,ranges.perceived_range;ranges.perceived_continue_range;persona.read_opponent;reads.obs_from_profile;plan.perceived_rel,persona.make_player;persona.sk,profile.concepts.range_read,"persona.make_player(rng, field_quality=0.6, pid=None, _depth=0, aggr_bias=0.0, loose_bias=0.0); persona.sk(prof, concept, default=4.0)",0..10 ability; gate/bias depends on consumer,H,GTO prior / reasoning / exploit,SEMANTICALLY_OVERLOADED,YES (direct or upstream),SPLIT reconstruction / line interpretation / observer quality,range_reconstruction_skill / line_interpretation_skill,persona.py:224; persona.py:373,EXPLICIT_DECLARED,persona.make_player;persona.sk
blocker,카드제거 근거의 인식 및 사용,preflop flop turn river,PERSONALITY / TEMPERAMENT capability (mixed knowledge/reasoning),JUDGMENT -> PLAN,persona.make_player;persona.sk,plan.make_plan;plan.overbet_frac;preflop.multiway_reraise_decision,persona.make_player;persona.sk,profile.concepts.blocker,"persona.make_player(rng, field_quality=0.6, pid=None, _depth=0, aggr_bias=0.0, loose_bias=0.0); persona.sk(prof, concept, default=4.0)",0..10 ability; gate/bias depends on consumer,H,GTO prior / reasoning / exploit,SEMANTICALLY_OVERLOADED,YES (direct or upstream),SPLIT objective blocker / skill usage,blocker_effect_utilization_skill,persona.py:224; persona.py:373,EXPLICIT_DECLARED,persona.make_player;persona.sk
icm,BF 인식과 생존/압박 판단,preflop flop turn river,PERSONALITY / TEMPERAMENT capability (mixed knowledge/reasoning),JUDGMENT -> PLAN,persona.make_player;persona.sk,persona.icm_aware;persona.icm_bf;money_pressure.perceived_self_preservation,persona.make_player;persona.sk,profile.concepts.icm,"persona.make_player(rng, field_quality=0.6, pid=None, _depth=0, aggr_bias=0.0, loose_bias=0.0); persona.sk(prof, concept, default=4.0)",0..10 ability; gate/bias depends on consumer,H,GTO prior / reasoning / exploit,SEMANTICALLY_OVERLOADED,YES (direct or upstream),SPLIT math BF / perception / plan,icm_awareness_skill,persona.py:224; persona.py:373,EXPLICIT_DECLARED,persona.make_player;persona.sk
board_texture,보드 danger/frequency/size 해석 능력,flop turn river,PERSONALITY / TEMPERAMENT capability (mixed knowledge/reasoning),JUDGMENT -> PLAN,persona.make_player;persona.sk,plan.make_plan;plan.refresh;plan.cbet_freq;plan.decide_size;texture.perceived,persona.make_player;persona.sk,profile.concepts.board_texture,"persona.make_player(rng, field_quality=0.6, pid=None, _depth=0, aggr_bias=0.0, loose_bias=0.0); persona.sk(prof, concept, default=4.0)",0..10 ability; gate/bias depends on consumer,H,GTO prior / reasoning / exploit,SEMANTICALLY_OVERLOADED,YES (direct or upstream),SPLIT raw facts / street interpretation,board_interpretation_skill,persona.py:224; persona.py:373,EXPLICIT_DECLARED,persona.make_player;persona.sk
sizing_tell,상대 사이즈 습관 추정/가격 해석/블러프 크기,preflop flop turn river,PERSONALITY / TEMPERAMENT capability (mixed knowledge/reasoning),JUDGMENT -> PLAN,persona.make_player;persona.sk,reads.obs_from_profile;persona.read_opponent;persona.size_read;plan.bluff_mode,persona.make_player;persona.sk,profile.concepts.sizing_tell,"persona.make_player(rng, field_quality=0.6, pid=None, _depth=0, aggr_bias=0.0, loose_bias=0.0); persona.sk(prof, concept, default=4.0)",0..10 ability; gate/bias depends on consumer,H,GTO prior / reasoning / exploit,SEMANTICALLY_OVERLOADED,YES (direct or upstream),SPLIT tell perception / self sizing camouflage,opponent_sizing_interpretation_skill,persona.py:224; persona.py:373,EXPLICIT_DECLARED,persona.make_player;persona.sk
pf_range,오픈 차트 지식과 림프 지식,preflop,PERSONALITY / TEMPERAMENT capability (mixed knowledge/reasoning),JUDGMENT -> PLAN,persona.make_player;persona.sk,persona.gto_knowledge;persona.open_pct;preflop.limp_p,persona.make_player;persona.sk,profile.concepts.pf_range,"persona.make_player(rng, field_quality=0.6, pid=None, _depth=0, aggr_bias=0.0, loose_bias=0.0); persona.sk(prof, concept, default=4.0)",0..10 ability; gate/bias depends on consumer,H,GTO prior / reasoning / exploit,SEMANTICALLY_OVERLOADED,YES (direct or upstream),SPLIT RFI memory / limp reasoning,rfi_chart_memory_skill,persona.py:224; persona.py:373,EXPLICIT_DECLARED,persona.make_player;persona.sk
positional,포지션 차트 폭/추론/머니 압박 인식,preflop flop turn river,PERSONALITY / TEMPERAMENT capability (mixed knowledge/reasoning),JUDGMENT -> PLAN,persona.make_player;persona.sk,persona.open_pct;persona.preflop_reasoning_confidence;money_pressure.unopened_modifiers,persona.make_player;persona.sk,profile.concepts.positional,"persona.make_player(rng, field_quality=0.6, pid=None, _depth=0, aggr_bias=0.0, loose_bias=0.0); persona.sk(prof, concept, default=4.0)",0..10 ability; gate/bias depends on consumer,H,GTO prior / reasoning / exploit,SEMANTICALLY_OVERLOADED,YES (direct or upstream),SPLIT prior condition / reasoning,position_reasoning_skill,persona.py:224; persona.py:373,EXPLICIT_DECLARED,persona.make_player;persona.sk
stack_decay,블라인드 침식 예측/깊이 조건추론,preflop flop turn river,PERSONALITY / TEMPERAMENT capability (mixed knowledge/reasoning),JUDGMENT -> PLAN,persona.make_player;persona.sk,depth.lookahead_hands;persona.preflop_reasoning_confidence;money_pressure.perceived_urgency,persona.make_player;persona.sk,profile.concepts.stack_decay,"persona.make_player(rng, field_quality=0.6, pid=None, _depth=0, aggr_bias=0.0, loose_bias=0.0); persona.sk(prof, concept, default=4.0)",0..10 ability; gate/bias depends on consumer,H,GTO prior / reasoning / exploit,ACTIVE,YES (direct or upstream),KEEP same erosion awareness; separate outputs,stack_erosion_awareness_skill,persona.py:224; persona.py:373,EXPLICIT_DECLARED,persona.make_player;persona.sk
open_size,프리플랍 오픈 사이즈 조절 능력,preflop,PERSONALITY / TEMPERAMENT capability (mixed knowledge/reasoning),JUDGMENT -> PLAN,persona.make_player;persona.sk,preflop.open_size_bb;money_pressure.unopened_modifiers,persona.make_player;persona.sk,profile.concepts.open_size,"persona.make_player(rng, field_quality=0.6, pid=None, _depth=0, aggr_bias=0.0, loose_bias=0.0); persona.sk(prof, concept, default=4.0)",0..10 ability; gate/bias depends on consumer,H,GTO prior / reasoning / exploit,ACTIVE,YES (direct or upstream),KEEP active size vs shadow money-size,open_sizing_skill,persona.py:224; persona.py:373,EXPLICIT_DECLARED,persona.make_player;persona.sk
pf_defend,디펜스 차트 기억/상위 레이즈/수학콜 gate,preflop,PERSONALITY / TEMPERAMENT capability (mixed knowledge/reasoning),JUDGMENT -> PLAN,persona.make_player;persona.sk,persona.gto_knowledge;preflop.defend_thresholds;preflop.calloff_layer_judgment,persona.make_player;persona.sk,profile.concepts.pf_defend,"persona.make_player(rng, field_quality=0.6, pid=None, _depth=0, aggr_bias=0.0, loose_bias=0.0); persona.sk(prof, concept, default=4.0)",0..10 ability; gate/bias depends on consumer,H,GTO prior / reasoning / exploit,SEMANTICALLY_OVERLOADED,YES (direct or upstream),SPLIT knowledge / reasoning gate / family,defend_chart_memory_skill,persona.py:224; persona.py:373,EXPLICIT_DECLARED,persona.make_player;persona.sk
range_merge,중간 강도 밸류 운용과 플랍 thin value 대체,flop turn river,PERSONALITY / TEMPERAMENT capability (mixed knowledge/reasoning),JUDGMENT -> PLAN,persona.make_player;persona.sk,plan.make_plan;persona.street_concept,persona.make_player;persona.sk,profile.concepts.range_merge,"persona.make_player(rng, field_quality=0.6, pid=None, _depth=0, aggr_bias=0.0, loose_bias=0.0); persona.sk(prof, concept, default=4.0)",0..10 ability; gate/bias depends on consumer,H,GTO prior / reasoning / exploit,SEMANTICALLY_OVERLOADED,YES (direct or upstream),SPLIT merged-value / thin-flop skill,merged_value_skill / thin_value_flop_skill,persona.py:224; persona.py:373,EXPLICIT_DECLARED,persona.make_player;persona.sk
multiway,상대 수에 따른 보수성/공동지분 추론,preflop flop turn river,PERSONALITY / TEMPERAMENT capability (mixed knowledge/reasoning),JUDGMENT -> PLAN,persona.make_player;persona.sk,plan.make_plan;plan.decide_aggression;preflop.multiway_reraise_decision,persona.make_player;persona.sk,profile.concepts.multiway,"persona.make_player(rng, field_quality=0.6, pid=None, _depth=0, aggr_bias=0.0, loose_bias=0.0); persona.sk(prof, concept, default=4.0)",0..10 ability; gate/bias depends on consumer,H,GTO prior / reasoning / exploit,SEMANTICALLY_OVERLOADED,YES (direct or upstream),SPLIT math pool identity / reasoning,multiway_reasoning_skill,persona.py:224; persona.py:373,EXPLICIT_DECLARED,persona.make_player;persona.sk
fold_equity,상대 폴드확률 근거를 공격에 활용,preflop flop turn river,PERSONALITY / TEMPERAMENT capability (mixed knowledge/reasoning),JUDGMENT -> PLAN,persona.make_player;persona.sk,plan.make_plan;plan.decide_aggression;money_pressure.exploit_realization,persona.make_player;persona.sk,profile.concepts.fold_equity,"persona.make_player(rng, field_quality=0.6, pid=None, _depth=0, aggr_bias=0.0, loose_bias=0.0); persona.sk(prof, concept, default=4.0)",0..10 ability; gate/bias depends on consumer,H,GTO prior / reasoning / exploit,SEMANTICALLY_OVERLOADED,YES (direct or upstream),SPLIT probability estimate / utilization,fold_equity_utilization_skill,persona.py:224; persona.py:373,EXPLICIT_DECLARED,persona.make_player;persona.sk
money_jump,상금점프/커버관계 생존과 압박 인식,preflop flop turn river,PERSONALITY / TEMPERAMENT capability (mixed knowledge/reasoning),JUDGMENT -> PLAN,persona.make_player;persona.sk,money_pressure.signals;money_pressure.pressure_opportunity;money_pressure.unopened_modifiers,persona.make_player;persona.sk,profile.concepts.money_jump,"persona.make_player(rng, field_quality=0.6, pid=None, _depth=0, aggr_bias=0.0, loose_bias=0.0); persona.sk(prof, concept, default=4.0)",0..10 ability; gate/bias depends on consumer,H,GTO prior / reasoning / exploit,ACTIVE,YES (direct or upstream),preflop range active; later shadow,money_jump_awareness_skill,persona.py:224; persona.py:373,EXPLICIT_DECLARED,persona.make_player;persona.sk
legal_call_price,남은 스택을 넘지 않는 콜 가격,all,FACT,JUDGMENT,runner.Round.to_call,session.HandRun._run,runner.Round.to_call,current_bet contrib stack,"runner.Round.to_call(self, seat)",capped chip cost,M,reasoning,ACTIVE,YES (direct or upstream),KEEP distinct from uncapped wager size,legal_call_price,runner.py:88,IMPLICIT_CODE,runner.Round.to_call
raise_reopening_rights,완전/불완전 레이즈 뒤 재레이즈 권리,all,FACT,JUDGMENT,runner.Round.can_raise;runner.Round._only_incomplete,session.HandRun._run;runner.Round.apply,runner.Round.can_raise;runner.Round._only_incomplete,acted faced_at last_full_raise,"runner.Round.can_raise(self, seat); runner.Round._only_incomplete(self, seat)",bool,M,reasoning,ACTIVE,YES (direct or upstream),KEEP,raise_reopening_rights,runner.py:151; runner.py:146,IMPLICIT_CODE,runner.Round.can_raise;runner.Round._only_incomplete
legal_action_application,체크/콜/벳/레이즈의 합법성과 기여 갱신,all,EXECUTION FORM,ACTION,runner.Round.apply,session.HandRun._run,runner.Round.apply,contrib stacks full_raise allin,"runner.Round.apply(self, seat, action, amount=0)",action + new state,M,reasoning,ACTIVE,YES (direct or upstream),KEEP canonical legality,legal_action_application,runner.py:169,IMPLICIT_CODE,runner.Round.apply
contestable_pot,자신이 획득 가능한 기여 범위,all,CALCULATION,JUDGMENT,runner.Round.contestable_contrib,session.HandRun._run,runner.Round.contestable_contrib,contrib actor cap,"runner.Round.contestable_contrib(self, seat)",contestable chip sum,M,reasoning,ACTIVE,YES (direct or upstream),KEEP separate total pot,contestable_pot,runner.py:97,IMPLICIT_CODE,runner.Round.contestable_contrib
uncalled_return,상대가 매칭하지 못하는 과투입 반환,all,CALCULATION,JUDGMENT,runner.Round.settle_uncalled,session.HandRun._run,runner.Round.settle_uncalled,contrib folded stack,runner.Round.settle_uncalled(self),refund records,M,reasoning,ACTIVE,YES (direct or upstream),KEEP,uncalled_return,runner.py:107,IMPLICIT_CODE,runner.Round.settle_uncalled
public_action_kind,올인 콜/올인 레이즈를 금액 메타데이터로 정규화,flop turn river,FACT,JUDGMENT,action_events.normalized_action,action_events.postflop_events,action_events.normalized_action,paid raised allin_call allin_raise,action_events.normalized_action(meta),check/call/bet/raise/fold,M,reasoning,ACTIVE,YES (direct or upstream),KEEP canonical postflop producer,public_action_kind,action_events.py:10,IMPLICIT_CODE,action_events.normalized_action
public_postflop_story,발생시점 가격/레이즈 깊이/행동권 사건열,flop turn river,FACT,JUDGMENT,action_events.postflop_events,session.HandRun._acts_of;ranges.narrow_by_actions,action_events.postflop_events,full_action_meta,"action_events.postflop_events(action_meta, street=None, pot_start=0.0)",normalized event list,M,reasoning,ACTIVE,YES (direct or upstream),KEEP,public_postflop_story,action_events.py:35,IMPLICIT_CODE,action_events.postflop_events
facing_response_kind,상대 베팅/레이즈/올인콜 등 대응 분류,flop turn river,FACT,JUDGMENT,action_events.response_context;action_events.pending_response_context,session.HandRun._run;plan.act_with_plan,action_events.response_context;action_events.pending_response_context,current events facing wager,"action_events.response_context(rnd, seat, pot_start=0.0); action_events.pending_response_context(action_meta, seat, pot_start=0.0)",response context dict,M,reasoning,ACTIVE,YES (direct or upstream),KEEP distinct from raw allin label,facing_response_kind,action_events.py:266; action_events.py:148,IMPLICIT_CODE,action_events.response_context;action_events.pending_response_context
facing_wager_geometry,상대 총사이즈와 내 순수콜가격 분리,flop turn river,FACT,JUDGMENT,action_events.facing_wager_context,session.HandRun._run;plan.calldown_need,action_events.facing_wager_context,pre_pot paid contrib,"action_events.facing_wager_context(rnd, aggressor, pot_start)",size_frac price_frac,M,reasoning,ACTIVE,YES (direct or upstream),KEEP,facing_wager_geometry,action_events.py:239,IMPLICIT_CODE,action_events.facing_wager_context
aggressive_street_count,동일 인물이 공격한 스트리트 수,flop turn river,FACT,JUDGMENT,action_events.aggressive_street_count;session._barrel_count,plan.line_bluff_prior;session.HandRun._run,action_events.aggressive_street_count;session._barrel_count,normalized events,"action_events.aggressive_street_count(full_meta, current_meta, seat, current_street); session._barrel_count(full_meta, current_meta, seat, current_street)",integer,M,reasoning,ACTIVE,YES (direct or upstream),MERGE wrapper already canonical; ranges still reconstructs local count,aggressive_street_count,action_events.py:205; session.py:687,IMPLICIT_CODE,action_events.aggressive_street_count;session._barrel_count
street_line_outcome,checkthrough/uncontested/bet-call 및 라인 소유권,flop turn river,FACT,JUDGMENT,action_events.street_outcome,session.HandRun._run;plan._called_prior_street_aggression,action_events.street_outcome,events aggressors callers,action_events.street_outcome(action_meta),street_outcomes,M,reasoning,ACTIVE,YES (direct or upstream),KEEP,street_line_outcome,action_events.py:284,IMPLICIT_CODE,action_events.street_outcome
preflop_public_roles,오픈/림프/콜/3bet/4bet/backraise/cold 사건 역할,preflop,FACT,JUDGMENT,session._pf_observation_flags;session._preflop_public_action_context;session._cold_reraise_context,session.HandRun._run;reads.Book.observe_cold_reraise,session._pf_observation_flags;session._preflop_public_action_context;session._cold_reraise_context,action_meta current full_raise,"session._pf_observation_flags(action_meta, seat); session._preflop_public_action_context(action_meta, target, bb); session._cold_reraise_context(action_meta, actor, order, folded=(), allin=())",role flags and public context,M,reasoning,ACTIVE,YES (direct or upstream),SPLIT duplicated raw log _was_3bettor remains,preflop_public_roles,session.py:97; session.py:171; session.py:286,IMPLICIT_CODE,session._pf_observation_flags;session._preflop_public_action_context;session._cold_reraise_context
preflop_role_memory,첫 행동/마지막 의도를 합쳐 전 스트리트 출처 보존,preflop flop turn river,FACT,JUDGMENT,session._merge_pf_seed;session._update_pf_state_after_apply,session.HandRun._run;plan.update_plan,session._merge_pf_seed;session._update_pf_state_after_apply,pf_seed first_action source_intent,"session._merge_pf_seed(prev, new); session._update_pf_state_after_apply(rnd, seat, aggressor, callers, limpers)",provenance,M,reasoning,ACTIVE,YES (direct or upstream),KEEP,preflop_role_memory,session.py:38; session.py:80,IMPLICIT_CODE,session._merge_pf_seed;session._update_pf_state_after_apply
absolute_field_position,뒤에 행동할 살아있는 비올인 상대가 있는가,flop turn river,FACT,JUDGMENT,session.oop_field,session.HandRun._run,session.oop_field,post_order folded allin,"session.oop_field(order, seat, folded=(), allin=())",bool,M,reasoning,ACTIVE,YES (direct or upstream),KEEP distinct from opponent-relative OOP,absolute_field_position,session.py:12,IMPLICIT_CODE,session.oop_field
aggressor_relative_position,현재 공격자보다 앞서 행동하는가,flop turn river,FACT,JUDGMENT,session.oop_vs,session.HandRun._run;plan.make_plan,session.oop_vs,post_order seat aggressor,"session.oop_vs(order, seat, other)",bool,M,reasoning,ACTIVE,YES (direct or upstream),KEEP,aggressor_relative_position,session.py:28,IMPLICIT_CODE,session.oop_vs
initiative_owner,마지막 공격자가 현재 자신인가,all,FACT,JUDGMENT,runner.has_initiative,session.HandRun._run;plan.update_plan,runner.has_initiative,aggressor seat,"runner.has_initiative(seat, aggressor)",bool,M,reasoning,ACTIVE,YES (direct or upstream),KEEP separate historical caller continuation ownership,initiative_owner,runner.py:313,IMPLICIT_CODE,runner.has_initiative
called_aggression_ownership,직전 스트리트 자신의 공격이 콜받은 라인인가,turn river,REASONING,JUDGMENT,plan._called_prior_street_aggression,plan.decide_aggression,plan._called_prior_street_aggression,street_outcomes pf_seed,"plan._called_prior_street_aggression(plan_state, street)",bool,M/H,reasoning,ACTIVE,YES (direct or upstream),SPLIT flop caller stab ownership vs later continuation,called_aggression_ownership,plan.py:1613,IMPLICIT_CODE,plan._called_prior_street_aggression
rfi_width_prior,포지션/깊이/안테별 오픈 폭 근사 prior,preflop,KNOWLEDGE,JUDGMENT,gto.rfi;gto.depth_mult;gto.behind_of,persona.open_pct;preflop._open,gto.rfi;gto.depth_mult;gto.behind_of,RFI_BY_BEHIND depth tables,"gto.rfi(pos, seats=8, bb=100.0, ante=True, band=None); gto.depth_mult(bb, behind); gto.behind_of(pos, seats=8)",range width,K/H,GTO prior,ACTIVE,YES (direct or upstream),KEEP; not combo-level solver policy,rfi_width_prior,gto.py:98; gto.py:74; gto.py:86,IMPLICIT_CODE,gto.rfi;gto.depth_mult;gto.behind_of
defend_width_prior,오픈포지션/내포지션/가격별 계속 폭 prior,preflop,KNOWLEDGE,JUDGMENT,gto.defend_pct;gto.mdf,preflop.defend_thresholds,gto.defend_pct;gto.mdf,DEF tables MDF table,"gto.defend_pct(def_pos, opener_pos, seats=8, bb=100.0, ante=True, open_bb=2.5); gto.mdf(open_bb)",continue width,K/H,GTO prior,ACTIVE,YES (direct or upstream),RENAME mdf is width proxy not exact MDF,defend_width_prior,gto.py:184; gto.py:154,IMPLICIT_CODE,gto.defend_pct;gto.mdf
threebet_width_prior,디펜스 폭에서 3bet share를 곱한 prior,preflop,KNOWLEDGE,JUDGMENT,gto.threebet_pct,preflop.defend_thresholds,gto.threebet_pct,TB_SHARE MTT8 shares,"gto.threebet_pct(def_pos, opener_pos, seats=8, bb=100.0, ante=True, open_bb=2.5)",3bet width,K/H,GTO prior,ACTIVE,YES (direct or upstream),SPLIT independent solved chart missing,threebet_width_prior,gto.py:205,IMPLICIT_CODE,gto.threebet_pct
chart_memory_accuracy,학습 prior를 얼마나 정확히 기억하는가,preflop,KNOWLEDGE,JUDGMENT,persona.gto_knowledge;persona.gto_memory_confidence,persona.open_pct;preflop.defend_thresholds;preflop.limp_p,persona.gto_knowledge;persona.gto_memory_confidence,pf_range pf_defend acc,"persona.gto_knowledge(prof, family); persona.gto_memory_confidence(prof, family, pos=None, seats=8, bb=100.0, ante=True, opener_pos=None, open_bb=2.5, use_match=None)",confidence,K/H,GTO prior,ACTIVE,YES (direct or upstream),SPLIT acc also controls temperament deviation,chart_memory_accuracy,persona.py:476; persona.py:520,IMPLICIT_CODE,persona.gto_knowledge;persona.gto_memory_confidence
studied_condition_match,학습한 좌석/깊이/안테/가격과 현 spot 차이,preflop,KNOWLEDGE,JUDGMENT,persona.gto_condition_match;persona.gto_studied_anchor,persona.preflop_reasoned_width,persona.gto_condition_match;persona.gto_studied_anchor,GTO_STUDIED,"persona.gto_condition_match(family, pos, seats=8, bb=100.0, ante=True, opener_pos=None, open_bb=2.5); persona.gto_studied_anchor(family, pos, seats=8, bb=100.0, ante=True, opener_pos=None, open_bb=2.5)",match + anchor,K/H,GTO prior,OPT-IN,conditional / flag,OPT-IN defaults off,studied_condition_match,persona.py:494; persona.py:534,IMPLICIT_CODE,persona.gto_condition_match;persona.gto_studied_anchor
preflop_condition_reasoning,차트 기준조건과 현조건 차이 추론,preflop,REASONING,JUDGMENT,persona.preflop_reasoning_confidence;persona.preflop_reasoned_width,persona.open_pct;preflop.defend_thresholds,persona.preflop_reasoning_confidence;persona.preflop_reasoned_width,positional stack_decay potodds,"persona.preflop_reasoning_confidence(prof, family, pos=None, seats=8, bb=100.0, ante=True, opener_pos=None, open_bb=2.5); persona.preflop_reasoned_width(prof, family, target, direction, pos=None, seats=8, bb=100.0, ante=True, opener_pos=None, open_bb=2.5, deviation_scale=0.95, anchor=None)",reasoned width,K/H,reasoning,OPT-IN,conditional / flag,OPT-IN defaults off,preflop_condition_reasoning,persona.py:564; persona.py:606,IMPLICIT_CODE,persona.preflop_reasoning_confidence;persona.preflop_reasoned_width
legacy_preflop_ordering,169 핸드클래스 단일 호환 순위표,preflop,KNOWLEDGE,JUDGMENT,preflop.pct;preflop.cls,preflop.open_decision;preflop.defend_action_likelihoods;ranges.preflop_range;session.HandRun._finish,preflop.pct;preflop.cls,PCT pf_rank.json,preflop.pct(c); preflop.cls(c),class percentile,H,GTO prior,ACTIVE,YES (direct or upstream),SPLIT RFI/defend/reraise/calloff/blocker/reconstruction/showdown,legacy_preflop_ordering,preflop.py:14; preflop.py:9,IMPLICIT_CODE,preflop.legacy_preflop_order_percentile;preflop.pct
fallback_preflop_ordering,카드 rank/pair/suit/gap으로 정렬한 별도 순위,preflop flop turn river,KNOWLEDGE,JUDGMENT,bot._pf_score;bot.range_combos,plan._normalize_opp_pools;bot.equity_vs_range,bot._pf_score;bot.range_combos,_SCORED,"bot._pf_score(c1, c2); bot.range_combos(pct, dead)",top-percent combo pool,H,GTO prior,ACTIVE,YES (direct or upstream),KEEP fallback; differs from PCT,fallback_preflop_ordering,bot.py:139; bot.py:151,IMPLICIT_CODE,bot._pf_score;bot.range_combos
rfi_personality_deviation,prior 폭에 looseness/aggression 편차 결합,preflop,PERSONALITY / TEMPERAMENT,PLAN,persona.open_pct,preflop.open_decision;preflop.iso_decision,persona.open_pct,acc dir positional,"persona.open_pct(prof, pos, seats=8, bb=100.0, ante=True, band=None)",subjective RFI width,K/H,reasoning,ACTIVE,YES (direct or upstream),SPLIT memory accuracy also deviation ceiling,rfi_personality_deviation,persona.py:631,IMPLICIT_CODE,persona.open_pct
limp_entry_motive,값싼 진입의 이론/습관 혼합,preflop,MOTIVE / PLAN,PLAN,preflop.limp_p,preflop.open_form;preflop.iso_decision,preflop.limp_p,feel pf_range discipline,"preflop.limp_p(prof, feel, hand_pct, pos, traits=None)",limp probability,H,reasoning,ACTIVE,YES (direct or upstream),SPLIT rfi skill reused as limp knowledge,limp_entry_motive,preflop.py:160,IMPLICIT_CODE,preflop.limp_p
open_execution_form,같은 진입 의도에서 limp/raise/shove 선택,preflop,EXECUTION FORM,ACTION,preflop.open_form,preflop.open_decision,preflop.open_form,feel rank effective bb,"preflop.open_form(prof, feel, hand_pct, bb, rng, vs=0.0, traits=None, eff_bb=None, pos=None)",form label,H,reasoning,ACTIVE,YES (direct or upstream),KEEP separate entry motive,open_execution_form,preflop.py:199,IMPLICIT_CODE,preflop.open_form
open_sizing,깊이/안테/limpers/숙련도에 따른 오픈 크기,preflop,MOTIVE / PLAN,PLAN,preflop.open_size_bb;preflop.round_unit_bb,preflop.open_decision;preflop.iso_decision,preflop.open_size_bb;preflop.round_unit_bb,feel open_size bb_chips,"preflop.open_size_bb(feel, pos, rng, prof=None, ante=True, n_limpers=0, bb_chips=None, table_soft=0.0); preflop.round_unit_bb(bb_chips)",target bb,H,reasoning,ACTIVE,YES (direct or upstream),KEEP chip rounding vs size selection distinct,open_sizing,preflop.py:91; preflop.py:74,IMPLICIT_CODE,preflop.open_size_bb;preflop.round_unit_bb
unopened_decision,RFI prior와 뒤상대/머니압박/성향 통합,preflop,REASONING,JUDGMENT,preflop.open_decision,plan.preflop_plan,preflop.open_decision,rank cap feel money rangefactor,"preflop.open_decision(prof, pos, bb, hand, rng, behind_stacks=None, tilt=0.0, field_q=0.6, bf=1.0, seats=8, ante=True, field_avg_bb=None, erosion=0.0, payout_flat=0.0, reentry=False, progress=0.0, behind_reads=None, bb_chips=None, money_open=None)",action target provenance,K/H/E,reasoning,ACTIVE,YES (direct or upstream),ARCH_MISMATCH judgment+plan+form in one function,unopened_decision,preflop.py:302,IMPLICIT_CODE,preflop.open_decision
isolation_decision,림퍼 대상 iso/overlimp/check 분기,preflop,REASONING,JUDGMENT,preflop.iso_decision,plan.preflop_plan,preflop.iso_decision,n_limpers limper_reads PCT,"preflop.iso_decision(prof, pos, hand, n_limpers, bb, rng, limper_reads=None, behind_stacks=None, behind_reads=None, seats=8, ante=True, field_avg_bb=None, erosion=0.0, field_q=0.6, bf=1.0, can_check=False)",action and target,H/E,reasoning,ACTIVE,YES (direct or upstream),SPLIT independent iso prior missing,isolation_decision,preflop.py:1143,IMPLICIT_CODE,preflop.iso_decision
defend_attack_continue_widths,3bet와 전체 계속 폭을 raise level별 축소,preflop,REASONING,JUDGMENT,preflop.defend_thresholds;preflop._saturate,preflop.defend_action_likelihoods;ranges._defend_likelihood_range,preflop.defend_thresholds;preflop._saturate,raise_level LEVEL_TIGHTEN,"preflop.defend_thresholds(prof, def_pos, opener_pos, bb, open_bb=2.5, n_callers=0, raise_level=1, seats=8, ante=True); preflop._saturate(tp_raw, tot_raw, ceiling=0.8, scale=0.55)",attack and total widths,K/H,reasoning,SEMANTICALLY_OVERLOADED,YES (direct or upstream),SEMANTICALLY_OVERLOADED 3bet/4bet/5bet share formula,defend_attack_continue_widths,preflop.py:548; preflop.py:46,IMPLICIT_CODE,preflop.defend_thresholds;preflop._saturate;preflop.normalize_defend_prior_widths;preflop.adjust_defend_widths_for_callers;preflop.adjust_defend_widths_for_short_stack;preflop.tighten_defend_widths_for_raise_level
mixed_preflop_action_likelihood,핸드별 공격/콜/폴드 혼합 및 hot reshove,preflop,REASONING,JUDGMENT,preflop.defend_action_likelihoods,preflop.defend_decision;ranges._defend_likelihood_range,preflop.defend_action_likelihoods,PCT widths bf slowplay hotzone,"preflop.defend_action_likelihoods(prof, def_pos, opener_pos, hand, bb, open_bb, n_callers, raise_level=1, stack_bb=None, exploit=None, bf=1.0, seats=8, ante=True, opener_allin=False, can_raise=True, pot_bb=None, to_call_bb=None)",probability dict,K/H/E,reasoning,ACTIVE,YES (direct or upstream),KEEP canonical forward and inverse likelihood,mixed_preflop_action_likelihood,preflop.py:637,IMPLICIT_CODE,preflop.defend_action_likelihoods
sample_defend_action,혼합 사전확률에서 실제 defend 행동 추출,preflop,EXECUTION FORM,ACTION,preflop.defend_decision,plan.preflop_plan,preflop.defend_decision,rng likelihood weights,"preflop.defend_decision(prof, def_pos, opener_pos, hand, bb, open_bb, n_callers, rng, raise_level=1, stack_bb=None, tilt=0.0, field_q=0.6, exploit=None, bf=1.0, payout_flat=0.0, reentry=False, progress=0.0, seats=8, ante=True, opener_allin=False, can_raise=True, pot_bb=None, to_call_bb=None)",action target,H,reasoning,ACTIVE,YES (direct or upstream),RENAME 3bet label also means higher raises,sample_defend_action,preflop.py:805,IMPLICIT_CODE,preflop.defend_decision
reraise_sizing_form,리레이즈 크기와 near-stack shove 선택,preflop,MOTIVE / PLAN,PLAN,preflop.raise_form;preflop.reraise_mult,preflop.defend_decision;preflop.multiway_reraise_decision,preflop.raise_form;preflop.reraise_mult,level target pot facing,"preflop.raise_form(prof, stack_bb, target_bb, pot_bb, rng, exploit=None, level=1, n_opp=1, facing_bb=0.0); preflop.reraise_mult(level, def_pos)",raise target,H/E,reasoning,ACTIVE,YES (direct or upstream),SPLIT motive vs stack commitment form,reraise_sizing_form,preflop.py:427; preflop.py:415,IMPLICIT_CODE,preflop.raise_form;preflop.reraise_mult
reshove_opportunity,12..26bb 주변 재푸시 범위와 뒤압박,preflop,REASONING,JUDGMENT,preflop.in_hotzone;preflop.reshove_range;preflop.reshove_weight;preflop.hotzone_pressure,preflop.open_decision;preflop.defend_action_likelihoods,preflop.in_hotzone;preflop.reshove_range;preflop.reshove_weight;preflop.hotzone_pressure,stack bb opener rank,"preflop.in_hotzone(bb); preflop.reshove_range(prof, def_pos, opener_pos, bb, open_bb, n_callers=0); preflop.reshove_weight(stack_bb); preflop.hotzone_pressure(prof, pos, bb, behind_stacks)",hotzone weights and width,H,reasoning,ACTIVE,YES (direct or upstream),SPLIT PCT rank from reshove EV; solver prior missing,reshove_opportunity,preflop.py:497; preflop.py:499; preflop.py:514; preflop.py:528,IMPLICIT_CODE,preflop.in_hotzone;preflop.reshove_range;preflop.reshove_weight;preflop.hotzone_pressure
behind_player_threat,뒤상대 3bet/재푸시와 스틸 가능성,preflop,EXPLOIT / ADAPTATION,JUDGMENT,preflop.table_pressure,preflop.open_decision;preflop.iso_decision,preflop.table_pressure,behind_reads stacks,preflop.table_pressure(behind_reads),threat steal softness,H/E,exploit,ACTIVE,YES (direct or upstream),KEEP distinct max threat and field fold constraint,behind_player_threat,preflop.py:275,IMPLICIT_CODE,preflop.table_pressure
preflop_card_removal,강한 클래스 구간에서 내 카드 차단 질량,preflop,CALCULATION,JUDGMENT,preflop.preflop_blocker_share,preflop.multiway_reraise_decision,preflop.preflop_blocker_share,PCT class masses hero cards,"preflop.preflop_blocker_share(hand, pools)",blocker share,M/H,reasoning,ACTIVE,YES (direct or upstream),SPLIT PCT ordering from observed mass; not bluff skill,preflop_card_removal,preflop.py:875,IMPLICIT_CODE,preflop.preflop_blocker_share
multiway_reraise_reasoning,오프너/리레이저/잠긴 상대 공동 지분 콜/공격,preflop,REASONING,JUDGMENT,preflop.multiway_reraise_decision;preflop.cold_reraise_decision,plan.preflop_plan,preflop.multiway_reraise_decision;preflop.cold_reraise_decision,seat pools price behind locked bf,"preflop.multiway_reraise_decision(prof, def_pos, reraiser_pos, hand, bb, open_bb, n_callers, rng, raise_level=2, stack_bb=None, exploit=None, bf=1.0, seats=8, ante=True, can_raise=True, pot_bb=None, to_call_bb=None, opponent_ranges=None, players_behind=0, decision_seed=None, locked_keys=None); preflop.cold_reraise_decision(prof, def_pos, reraiser_pos, hand, bb, open_bb, n_callers, rng, raise_level=2, stack_bb=None, exploit=None, bf=1.0, seats=8, ante=True, can_raise=True, pot_bb=None, to_call_bb=None, original_opener_range=None, reraiser_range=None, players_behind=0, decision_seed=None, locked_keys=None)",call fold attack mixture,M/H/E,reasoning,ACTIVE,YES (direct or upstream),KEEP seat identity; independent 4bet prior absent,multiway_reraise_reasoning,preflop.py:914; preflop.py:1114,IMPLICIT_CODE,preflop.multiway_reraise_decision;preflop.cold_reraise_decision
legacy_calloff_threshold,단일 순위 cap으로 전액콜 판단,preflop,REASONING,JUDGMENT,preflop.calloff_cap;preflop.calloff_decision,preflop.defend_action_likelihoods;plan.preflop_plan,preflop.calloff_cap;preflop.calloff_decision,PCT bf cap,"preflop.calloff_cap(prof, def_pos, opener_pos, bb, open_bb, raise_level, bf=1.0, exploit=None, n_callers=0, seats=8, ante=True); preflop.calloff_decision(prof, def_pos, hand, bb, raise_level, pot, tocall, bubble_factor=1.0, opener_pos='CO', open_bb=None, exploit=None, n_callers=0, seats=8, ante=True)",call/fold,H,reasoning,ACTIVE,YES (direct or upstream),SPLIT ordering vs true equity/EV; pot/tocall legacy unused,legacy_calloff_threshold,preflop.py:1198; preflop.py:1335,IMPLICIT_CODE,preflop.calloff_cap;preflop.calloff_decision
layer_calloff_judgment,완전한 layer summary를 실제 pure-calloff에 사용,preflop,REASONING,JUDGMENT,preflop.calloff_layer_judgment,plan.preflop_plan,preflop.calloff_layer_judgment,call_ev_summary pf_defend potodds bf,"preflop.calloff_layer_judgment(prof, call_ev_shadow, bubble_factor=1.0, seed=None)",required_eq call gate,M/H,reasoning,ACTIVE,YES (direct or upstream),SPLIT math vs skill gate; fallback legacy preserved,layer_calloff_judgment,preflop.py:1268,IMPLICIT_CODE,preflop.calloff_layer_judgment
calloff_comparison_shadow,순위판정과 layer EV의 차이 관측,preflop,CALCULATION,JUDGMENT,preflop.calloff_ev_comparison,plan.preflop_plan,preflop.calloff_ev_comparison,legacy cap call shadow,"preflop.calloff_ev_comparison(hand, legacy_action, legacy_cap, call_ev_shadow, bubble_factor=1.0)",diagnostic metadata,M,reasoning,SHADOW,NO,SHADOW no separate action override,calloff_comparison_shadow,preflop.py:1233,IMPLICIT_CODE,preflop.calloff_ev_comparison
weighted_combo_measure,카드 조합별 양의 상대 질량,all,FACT,JUDGMENT,ranges.weighted_range;ranges.range_items;ranges.range_mass;ranges.range_weight,ranges range consumers;bot.equity_vs_combos,ranges.weighted_range;ranges.range_items;ranges.range_mass;ranges.range_weight,combo -> mass,"ranges.weighted_range(rng); ranges.range_items(rng); ranges.range_mass(rng); ranges.range_weight(rng, combo)",weighted dict/support/mass,M,reasoning,ACTIVE,YES (direct or upstream),KEEP support not mass distinct,weighted_combo_measure,ranges.py:37; ranges.py:67; ranges.py:72; ranges.py:77,IMPLICIT_CODE,ranges.weighted_range;ranges.range_items;ranges.range_mass;ranges.range_weight
weighted_range_transform,필터/선택/복사/합집합에서 질량 보존,all,CALCULATION,JUDGMENT,ranges.range_filter;ranges.range_select;ranges.range_copy;ranges.range_union,session.HandRun._run;ranges.narrow_by_actions,ranges.range_filter;ranges.range_select;ranges.range_copy;ranges.range_union,ranges and chosen combos,"ranges.range_filter(rng, keep); ranges.range_select(rng, combos, new_mass=None); ranges.range_copy(rng); ranges.range_union(*ranges_in)",weighted range,M,reasoning,ACTIVE,YES (direct or upstream),KEEP union sums overlapping mass; not seat-joint distribution,weighted_range_transform,ranges.py:113; ranges.py:141; ranges.py:134; ranges.py:194,IMPLICIT_CODE,ranges.range_filter;ranges.range_select;ranges.range_copy;ranges.range_union
range_identity_signature,질량 비율과 support의 안정 signature,all,CALCULATION,JUDGMENT,ranges.range_signature;plan._range_sig;plan._decision_range_sig;plan._opp_ranges_signature,plan.update_plan;equity caches,ranges.range_signature;plan._range_sig;plan._decision_range_sig;plan._opp_ranges_signature,ranges order weights,ranges.range_signature(rng); plan._range_sig(combos); plan._decision_range_sig(combos); plan._opp_ranges_signature(opp_ranges),signature,M,reasoning,ACTIVE,YES (direct or upstream),SPLIT cache signatures have distinct contracts,range_identity_signature,ranges.py:168; plan.py:337; plan.py:360; plan.py:403,IMPLICIT_CODE,ranges.range_signature;plan._range_sig;plan._decision_range_sig;plan._opp_ranges_signature
preflop_posterior_order,재레이즈 rate와 polar shape로 순위 posterior,preflop,PERCEPTION,JUDGMENT,ranges.preflop_reraise_posterior,session._preflop_story_range,ranges.preflop_reraise_posterior,observed rate prior polar PCT,"ranges.preflop_reraise_posterior(prior_range, observed_rate, polar=0.0)",posterior weights,H/E,reasoning,ACTIVE,YES (direct or upstream),SPLIT support-count rank vs cumulative mass,preflop_posterior_order,ranges.py:231,IMPLICIT_CODE,ranges.preflop_reraise_posterior
inverse_defend_likelihood,forward defend 확률을 역방향 레인지에 사용,preflop,PERCEPTION,JUDGMENT,ranges._defend_likelihood_range,ranges.preflop_range,ranges._defend_likelihood_range,profile likelihood classes,"ranges._defend_likelihood_range(prof, pos, action, bb, ok, n_callers, opener_pos, open_bb, seats, ante, raise_level)",weighted observed-action range,K/H,reasoning,ACTIVE,YES (direct or upstream),KEEP active W5-like logic; not unstarted,inverse_defend_likelihood,ranges.py:283,IMPLICIT_CODE,ranges._defend_likelihood_range
preflop_range_reconstruction,공개 역할/포지션/관측 프로필에서 range 복원,preflop flop turn river,PERCEPTION,JUDGMENT,session._preflop_story_range;session.HandRun._preflop_perceived_range;ranges.preflop_range,session.HandRun._run,session._preflop_story_range;session.HandRun._preflop_perceived_range;ranges.preflop_range,public story range_profile pf_seed,"session._preflop_story_range(range_profile, pos, stack_bb, dead, seats, ante, action, pfo=None, public=None, polar=0.0, fourbet_rate=None); session.HandRun._preflop_perceived_range(self, observer, target, observer_profile, rnd, aggressor, seats, ante); ranges.preflop_range(prof_type, pos, action, bb, dead, n_callers=0, opener_pos=None, open_bb=2.5, seats=8, ante=True, polar=0.0, raise_level=1)",seat-keyed prior range,K/H/E,reasoning,ACTIVE,YES (direct or upstream),KEEP no true opponent persona; polar path rank fallback,preflop_range_reconstruction,session.py:229; session.py:1186; ranges.py:328,IMPLICIT_CODE,session._preflop_story_range;session.HandRun._preflop_perceived_range;ranges.preflop_range
postflop_action_posterior,공개 bet/raise/call/check에 따른 posterior,flop turn river,PERCEPTION,JUDGMENT,ranges.narrow_by_actions;session.HandRun._acts_of,session.HandRun._run,ranges.narrow_by_actions;session.HandRun._acts_of,action board slice event price,"ranges.narrow_by_actions(base, board, acts, actor_read=None, observer=None); session.HandRun._acts_of(self, seat, upto_street=None, current_street=None, current_log=None, current_meta=None)",narrowed weighted range,H/E,reasoning,ACTIVE,YES (direct or upstream),KEEP per-street board reconstruction; floor/damping heuristic,postflop_action_posterior,ranges.py:1054; session.py:1089,IMPLICIT_CODE,ranges.narrow_by_actions;session.HandRun._acts_of
range_reconstruction_grasp,부분 숙련도에 따라 posterior 밖 원래 range 보충,flop turn river,PERCEPTION,JUDGMENT,ranges.perceived_range;ranges.perceived_continue_range;ranges.perceived_facing_bet_response,plan.make_plan;plan.decide_response;session.HandRun._run,ranges.perceived_range;ranges.perceived_continue_range;ranges.perceived_facing_bet_response,range_read full base,"ranges.perceived_range(base, board, acts, profile=None, actor_read=None); ranges.perceived_continue_range(base, board, street, size_frac, profile=None); ranges.perceived_facing_bet_response(base, board, street, size_frac, profile=None, raise_possible=True)",perceived weighted support,H,reasoning,ACTIVE,YES (direct or upstream),MERGE identical blend; retain producer evaluation order,range_reconstruction_grasp,ranges.py:965; ranges.py:940; ranges.py:910,IMPLICIT_CODE,ranges.blend_action_range_by_grasp
line_bluff_composition,사이즈/스트리트/배럴/보드별 bet range bluff share,flop turn river,PERCEPTION,JUDGMENT,ranges.line_bluff_share;bot.bluff_share;plan.line_bluff_prior,ranges._bet_range;plan.act_with_plan,ranges.line_bluff_share;bot.bluff_share;plan.line_bluff_prior,size street barrels actor_read,"ranges.line_bluff_share(board, street, size_frac, bluff_axis=5.0, n_barrels=1); bot.bluff_share(size_frac, street, bluff_axis=5.0); plan.line_bluff_prior(opp_profile, street, n_barrels, sizing_frac, board, aggressor_pos_oop, opp_read=None)",bluff share,M/H/E,reasoning,ACTIVE,YES (direct or upstream),KEEP share != probability hero should bluff,line_bluff_composition,ranges.py:787; bot.py:374; plan.py:9,IMPLICIT_CODE,ranges.line_bluff_share;bot.bluff_share;plan.line_bluff_prior
bet_range_partition,상위 value와 하위 draw/blocker bluff 조합,flop turn river,PERCEPTION,JUDGMENT,ranges._bet_range;bot.pick_bluffs,ranges.narrow_by_actions;ranges._raise_range,ranges._bet_range;bot.pick_bluffs,ranked support vfrac bluff share,"ranges._bet_range(r, board, street, bluff_axis, size_frac, damp=1.0, barrel=0.0, n_barrels=1); bot.pick_bluffs(ranked, board, street, n_want)",betting range,H,reasoning,ACTIVE,YES (direct or upstream),SPLIT flop/turn draw support vs river blocker-only,bet_range_partition,ranges.py:801; bot.py:398,IMPLICIT_CODE,ranges._bet_range;bot.pick_bluffs
continue_range_partition,레이즈 불가 상황의 전체 계속 레인지,flop turn river,PERCEPTION,JUDGMENT,ranges._continue_range,ranges.perceived_continue_range;ranges._raise_range,ranges._continue_range,size street damp MDF,"ranges._continue_range(r, board, street, size_frac, damp=1.0)",min-defend inclusive range,M/H,reasoning,ACTIVE,YES (direct or upstream),MERGE shared keep width with call; preserve partition distinction,continue_range_partition,ranges.py:824,IMPLICIT_CODE,ranges.continuation_support_fraction;ranges._continue_range
call_range_partition,레이즈 가능 상황 flat+mid range,flop turn river,PERCEPTION,JUDGMENT,ranges._call_range,ranges.perceived_facing_bet_response;ranges.narrow_by_actions,ranges._call_range,size street top_flat,"ranges._call_range(r, board, street, size_frac, damp=1.0)",call-only range,M/H,reasoning,ACTIVE,YES (direct or upstream),KEEP != continue range; share keep-width producer,call_range_partition,ranges.py:844,IMPLICIT_CODE,ranges.continuation_support_fraction;ranges._call_range
check_range_posterior,체크하면 강한 조합을 제거 아닌 감량,flop turn river,PERCEPTION,JUDGMENT,ranges._check_range,ranges.narrow_by_actions,ranges._check_range,cbet_axis damp top10pct,"ranges._check_range(r, board, street, cbet_axis, damp=1.0)",weighted check range,H,reasoning,ACTIVE,YES (direct or upstream),KEEP,check_range_posterior,ranges.py:880,IMPLICIT_CODE,ranges._check_range
raise_range_posterior,faced price continue range 위 bet partition,flop turn river,PERCEPTION,JUDGMENT,ranges._raise_range,ranges.narrow_by_actions,ranges._raise_range,facing_price raise_size,"ranges._raise_range(r, board, street, bluff_axis, raise_size_frac, facing_size_frac, damp=1.0, barrel=0.0, n_barrels=1)",weighted raise range,H,reasoning,ACTIVE,YES (direct or upstream),ARCH_MISMATCH forward raise policy differs; missing price fallback,raise_range_posterior,ranges.py:1031,IMPLICIT_CODE,ranges._raise_range
hand_category,현재 카드 best5/7 category+kickers,flop turn river,CALCULATION,JUDGMENT,bot.eval5;bot.eval7;session.best5,bot.made_strength;equity/range consumers;session.award_pots,bot.eval5;bot.eval7;session.best5,hero board,bot.eval5(cs); bot.eval7(cs); session.best5(cards),category tuple,M,reasoning,ACTIVE,YES (direct or upstream),KEEP,hand_category,bot.py:6; bot.py:72; session.py:9,IMPLICIT_CODE,bot.eval5;bot.eval7;session.best5
hero_made_contribution,보드 자체보다 높은 category인가,flop turn river,CALCULATION,JUDGMENT,bot.made_strength,plan.make_plan;plan.refresh;plan.river_fix,bot.made_strength,hero board raw category,"bot.made_strength(hero, board)",0..8 category,M,reasoning,ACTIVE,YES (direct or upstream),RENAME contribution category; not raw eval score; river same-category strength loses credit,hero_made_contribution,bot.py:322,IMPLICIT_CODE,bot.made_strength
future_draw_outs,플러시/스트레이트 미완성 draw 개선 수 proxy,flop turn,CALCULATION,JUDGMENT,bot.draw_strength,plan.make_plan;plan.refresh;bot.pick_bluffs,bot.draw_strength,hero board,"bot.draw_strength(hero, board)",integer outs proxy,M/H,reasoning,ACTIVE,YES (direct or upstream),KEEP overlap approximation != exact clean outs; river zero,future_draw_outs,bot.py:261,IMPLICIT_CODE,bot.draw_strength
current_board_not_behind,현재 보드에서 상대보다 낮지 않을 확률; tie=1,flop turn river,CALCULATION,JUDGMENT,plan.relative_strength;plan.joint_relative_strength;plan._decision_relative_strength,plan.make_plan;plan.refresh;plan.river_fix,plan.relative_strength;plan.joint_relative_strength;plan._decision_relative_strength,hero board opponent pools,"plan.relative_strength(hero, board, opp_range=None); plan.joint_relative_strength(hero, board, opp_ranges, n_opp=None, sims=600, seed=None); plan._decision_relative_strength(hero, board, opp_range, n_opp=1, opp_ranges=None, sims=600, seed=None)",rel 0..1,M,reasoning,ACTIVE,YES (direct or upstream),RENAME rel != equity; joint if complete else union fallback,current_board_not_behind,plan.py:33; plan.py:91; plan.py:169,IMPLICIT_CODE,plan.relative_strength;plan.joint_relative_strength;plan._decision_relative_strength
showdown_equity_share,미래 runout과 상대 pool에서 tie를 분배한 지분,preflop flop turn river,CALCULATION,JUDGMENT,bot._showdown_share;bot.equity_vs_pools;bot.equity_vs_combos,plan._eq_current;plan._eq_vs;session._diagnostic_layer_equities;preflop.multiway_reraise_decision,bot._showdown_share;bot.equity_vs_pools;bot.equity_vs_combos,hero board pools sims seed,"bot._showdown_share(hero_score, opp_scores); bot.equity_vs_pools(hero, board, pools, sims=500, seed=None); bot.equity_vs_combos(hero, board, opp_ranges, sims=500, seed=None)",win/tie share 0..1,M,reasoning,ACTIVE,YES (direct or upstream),KEEP equity separate from current rel/made,showdown_equity_share,bot.py:83; bot.py:205; bot.py:243,IMPLICIT_CODE,bot._showdown_share;bot.equity_vs_pools;bot.equity_vs_combos
unconditioned_equity,무작위 상대 deck 대상 미래 지분,preflop flop turn river,CALCULATION,JUDGMENT,bot.equity;bot.equity_vs_range,tools/reference callers,bot.equity;bot.equity_vs_range,hero board n_opp pct,"bot.equity(hero, board, n_opp, sims=500, seed=None); bot.equity_vs_range(hero, board, opp_pcts, sims=500, seed=None)",equity,M/H,reasoning,FALLBACK,conditional / flag,FALLBACK no dedicated solved strategy,unconditioned_equity,bot.py:100; bot.py:236,IMPLICIT_CODE,bot.equity;bot.equity_vs_range
weighted_joint_sampling,seat별 카드 충돌을 거부하며 조합 표본,all,CALCULATION,JUDGMENT,bot._filter_pool;bot._sample_pool_combo;bot.equity_vs_pools,equity consumers,bot._filter_pool;bot._sample_pool_combo;bot.equity_vs_pools,positive weights used cards rng,"bot._filter_pool(pool, dead=None, sort_legacy=False); bot._sample_pool_combo(rng, pool); bot.equity_vs_pools(hero, board, pools, sims=500, seed=None)",compatible joint deals,M,reasoning,ACTIVE,YES (direct or upstream),KEEP rejection cap can reject samples; no fabricated seat copy in full path,weighted_joint_sampling,bot.py:155; bot.py:176; bot.py:205,IMPLICIT_CODE,bot._filter_pool;bot._sample_pool_combo;bot.equity_vs_pools
range_advantage,양쪽 range의 평균 현재보드 우위; hero 개인패 아님,flop turn river,CALCULATION,JUDGMENT,ranges.range_advantage;ranges.joint_range_advantage;plan._decision_range_advantage,plan.make_plan;plan.cbet_freq,ranges.range_advantage;ranges.joint_range_advantage;plan._decision_range_advantage,my_range opponent pools board,"ranges.range_advantage(r_a, r_b, board, sims=180, seed=None); ranges.joint_range_advantage(r_a, opp_ranges, board, n_opp=None, sims=600, seed=None); plan._decision_range_advantage(my_range, board, opp_range, n_opp=1, opp_ranges=None, sims=600, seed=None, joint_seed=None)",normalized range advantage,M,reasoning,ACTIVE,YES (direct or upstream),KEEP distinct hand rel; own range not full own-action posterior,range_advantage,ranges.py:393; ranges.py:413; plan.py:218,IMPLICIT_CODE,ranges.range_advantage;ranges.joint_range_advantage;plan._decision_range_advantage
strong_region_advantage,강한 category 구간 점유율 차이 proxy,flop turn river,CALCULATION,JUDGMENT,ranges._strong_share;ranges.nut_advantage;ranges.joint_nut_advantage;plan._decision_nut_advantage,plan.make_plan;plan.bluff_mode;plan.overbet_frac,ranges._strong_share;ranges.nut_advantage;ranges.joint_nut_advantage;plan._decision_nut_advantage,range board cutoff2/3,"ranges._strong_share(r, board, cutoff=2); ranges.nut_advantage(r_a, r_b, board); ranges.joint_nut_advantage(r_a, opp_ranges, board, n_opp=None, sims=1600, seed=None); plan._decision_nut_advantage(my_range, board, opp_range, n_opp=1, opp_ranges=None, sims=1600, seed=None)",clamped occupancy gap,M/H,reasoning,ACTIVE,YES (direct or upstream),RENAME nut_advantage is not literal nuts,strong_region_advantage,ranges.py:505; ranges.py:518; ranges.py:526; plan.py:202,IMPLICIT_CODE,ranges._strong_share;ranges.nut_advantage;ranges.joint_nut_advantage;plan._decision_nut_advantage
strong_support_blocker,상위20% support에 대한 내 카드 mass 차단,flop turn river,CALCULATION,JUDGMENT,ranges.blocker_score,plan.make_plan;plan.decide_aggression,ranges.blocker_score,range rank hero,"ranges.blocker_score(hero, opp_range, board)",blocked fraction,M/H,reasoning,ACTIVE,YES (direct or upstream),SPLIT support percentile vs mass percentile,strong_support_blocker,ranges.py:589,IMPLICIT_CODE,ranges.blocker_score
continue_fold_blocker,계속/폴드 range 카드제거 차이,flop turn river,CALCULATION,JUDGMENT,ranges.blocker_effect;ranges.joint_blocker_effect;plan._decision_blocker_effect,plan.make_plan;plan.decide_size;plan.overbet_frac,ranges.blocker_effect;ranges.joint_blocker_effect;plan._decision_blocker_effect,size street pools hero,"ranges.blocker_effect(hero, opp_range, board, street, size_frac, for_value=False); ranges.joint_blocker_effect(hero, opp_ranges, board, street, size_frac, n_opp=None, sims=1200, seed=None, for_value=False); plan._decision_blocker_effect(hero, board, opp_range, street, size_frac, n_opp=1, opp_ranges=None, seed=None, tag='blocker')",net blockers detail,M/H,reasoning,ACTIVE,YES (direct or upstream),KEEP joint event any-continue/all-fold; not static preflop blockers,continue_fold_blocker,ranges.py:618; ranges.py:658; plan.py:263,IMPLICIT_CODE,ranges.blocker_effect;ranges.joint_blocker_effect;plan._decision_blocker_effect
relative_strength_perception,현재 상대강도에 skill/bias를 적용,flop turn river,PERCEPTION,JUDGMENT,plan.perceived_rel,plan.make_plan;plan.refresh,plan.perceived_rel,range_read overpairlove drawlove,"plan.perceived_rel(profile, rel, hero, board, outs=0, made=0)",subjective rel,H,reasoning,ACTIVE,YES (direct or upstream),SPLIT true rel / perceived rel; no exact future EV,relative_strength_perception,plan.py:308,IMPLICIT_CODE,plan.perceived_rel
spr_ratio,남은 스택 / 현재 팟,all,CALCULATION,JUDGMENT,plan.spr,plan.make_plan;plan.stackoff_plan,plan.spr,stack pot,"plan.spr(stack, pot)",ratio,M,reasoning,ACTIVE,YES (direct or upstream),KEEP,spr_ratio,plan.py:7,IMPLICIT_CODE,plan.spr
depth_perception,필드상대스택/블라인드침식/edge/BF로 깊이 체감,all,PERCEPTION,JUDGMENT,depth.depth_feel;depth.base_feel;depth.field_adjusted_bb;depth.eroded_bb;depth.lookahead_hands;preflop.feel_of,preflop.open_decision;preflop.raise_form,depth.depth_feel;depth.base_feel;depth.field_adjusted_bb;depth.eroded_bb;depth.lookahead_hands;preflop.feel_of,bb avg erosion spr skill edge,"depth.depth_feel(bb, prof=None, field_avg_bb=None, erosion_per_hand=0.0, sk_fn=None, temper_fn=None, edge=0.0, icm_press=1.0); depth.base_feel(bb); depth.field_adjusted_bb(bb, field_avg_bb); depth.eroded_bb(bb, hands_ahead, erosion_per_hand); depth.lookahead_hands(prof, sk_fn); preflop.feel_of(prof, bb, field_avg_bb=None, erosion=0.0, field_q=0.6, bf=1.0)",feel 0..1,M/H,reasoning,ACTIVE,YES (direct or upstream),SPLIT objective depth from subjective estimate,depth_perception,depth.py:118; depth.py:53; depth.py:63; depth.py:98; depth.py:91; preflop.py:56,IMPLICIT_CODE,depth.depth_feel;depth.base_feel;depth.field_adjusted_bb;depth.eroded_bb;depth.lookahead_hands;preflop.feel_of
board_structure_facts,수트/페어/연결/하이카드 보드분류,flop turn river,FACT,JUDGMENT,texture.classify;plan.board_paired,texture.cbet_multiplier;texture.size_fraction;plan.make_plan,texture.classify;plan.board_paired,board,texture.classify(board); plan.board_paired(board),feature dict / paired bool,M,reasoning,ACTIVE,YES (direct or upstream),KEEP common features; names monotone/twotone flop-oriented on late board,board_structure_facts,texture.py:7; plan.py:28,IMPLICIT_CODE,texture.classify;plan.board_paired
board_completion_danger,보드 수트 집중/직선 연결 danger proxy,flop turn river,PERCEPTION,JUDGMENT,bot.board_danger,plan.make_plan;plan.refresh;runner.board_changed,bot.board_danger,board,bot.board_danger(board),0..1 danger,H,reasoning,ACTIVE,YES (direct or upstream),SPLIT raw danger vs skill-scaled state.danger,board_completion_danger,bot.py:117,IMPLICIT_CODE,bot.board_danger
flop_texture_cbet_prior,Ahigh/paired/wet/IP 형태별 cbet modifier,flop,KNOWLEDGE,JUDGMENT,texture.cbet_multiplier,plan.cbet_freq,texture.cbet_multiplier,board oop,"texture.cbet_multiplier(board, ip=True)",frequency multiplier,H,GTO prior,ACTIVE,YES (direct or upstream),KEEP empirical heuristic; no board-family solver data,flop_texture_cbet_prior,texture.py:64,IMPLICIT_CODE,texture.cbet_multiplier
street_texture_sizing,texture와 street base를 결합한 베팅 크기,flop turn river,KNOWLEDGE,JUDGMENT,texture.size_fraction;texture.perceived,plan.decide_size,texture.size_fraction;texture.perceived,board plan street skill rng,"texture.size_fraction(board, plan, street); texture.perceived(board, skill, rng, fn, *args, **kw)",pot fraction,H,GTO prior,ACTIVE,YES (direct or upstream),SPLIT board facts / learned prior / perceptual noise,street_texture_sizing,texture.py:82; texture.py:137,IMPLICIT_CODE,texture.size_fraction;texture.perceived
turn_card_range_shift,플랍에서 추가카드가 공격자 range에 주는 변화,turn,PERCEPTION,JUDGMENT,texture.turn_card_effect,plan.decide_aggression,texture.turn_card_effect,flop newcard rank suit,"texture.turn_card_effect(flop, turn_card, aggressor_range_high=True)",signed shift,H,reasoning,SEMANTICALLY_OVERLOADED,YES (direct or upstream),"SEMANTICALLY_OVERLOADED river caller uses flop slice and river card, ignores turn",turn_card_range_shift,texture.py:101,IMPLICIT_CODE,texture.turn_card_effect
replan_board_change,flush completion/danger increase로 재계획 여부,turn river,REASONING,JUDGMENT,runner.board_changed,runner.revise_plan,runner.board_changed,prev_board board,"runner.board_changed(prev_board, board)",bool,H,reasoning,ACTIVE,YES (direct or upstream),KEEP same change question; not terminal strategy,replan_board_change,runner.py:268,IMPLICIT_CODE,runner.board_changed
calculation_error,skill에 따른 수학량 인식 Gaussian 오차,all,PERCEPTION,JUDGMENT,persona.calc_noise,plan.make_plan;plan.refresh;plan.calldown_need;preflop.multiway_reraise_decision,persona.calc_noise,concept rng,"persona.calc_noise(prof, concept, rng)",multiplicative error,H,reasoning,ACTIVE,YES (direct or upstream),SPLIT quantities; V3 zero-mean opt-in retains draw bias,calculation_error,persona.py:396,IMPLICIT_CODE,persona.calc_noise
value_line_selection,강도/SPR/취약도에 따라 value2/value3 선택,flop turn river,MOTIVE / PLAN,PLAN,plan.make_plan,plan.update_plan,plan.make_plan,rel eq made spr thresholds,"plan.make_plan(hero, board, my_range, opp_range, profile, pot, stack, street, seed=None, n_opp=1, to_act_behind=0, oop_vs_aggr=None, initiative=True, opp_est=None, opp_stack_bb=None, tilt=0.0, bb_chips=None, oop_legacy_abs=None, opp_ranges=None, opp_ests=None, opp_stack_bbs=None)",plan state,M/H/E,reasoning,ACTIVE,YES (direct or upstream),SPLIT long inline judgments; not one generic strength,value_line_selection,plan.py:631,IMPLICIT_CODE,plan.make_plan
vulnerable_paired_flush,페어보드 flush의 상대강도 요건,flop turn river,REASONING,JUDGMENT,plan.make_plan;plan.decide_response,value/raise branch,plan.make_plan;plan.decide_response,board_paired made rel,"plan.make_plan(hero, board, my_range, opp_range, profile, pot, stack, street, seed=None, n_opp=1, to_act_behind=0, oop_vs_aggr=None, initiative=True, opp_est=None, opp_stack_bb=None, tilt=0.0, bb_chips=None, oop_legacy_abs=None, opp_ranges=None, opp_ests=None, opp_stack_bbs=None); plan.decide_response(profile, hero, board, street, plan, plan_state, eq, need, made_now, opp_range, pot, tocall, stack, committed, rng, allow_raise=True, call_eq=None, call_need=None, opp_ranges=None, n_opp=1, rel_seed=None, response_context=None, hero_contrib=0.0)",value/raise gate,H,reasoning,ACTIVE,YES (direct or upstream),SPLIT context thresholds differ; do not merge merely similar,vulnerable_paired_flush,plan.py:631; plan.py:1358,IMPLICIT_CODE,plan.make_plan;plan.decide_response
shallow_one_pair_value,얕은 SPR 원페어 투자 라인,flop turn river,REASONING,JUDGMENT,plan.make_plan,value2/value3,plan.make_plan,made spr rel,"plan.make_plan(hero, board, my_range, opp_range, profile, pot, stack, street, seed=None, n_opp=1, to_act_behind=0, oop_vs_aggr=None, initiative=True, opp_est=None, opp_stack_bb=None, tilt=0.0, bb_chips=None, oop_legacy_abs=None, opp_ranges=None, opp_ests=None, opp_stack_bbs=None)",value eligibility,H,reasoning,ACTIVE,YES (direct or upstream),KEEP preserve exact thresholds,shallow_one_pair_value,plan.py:631,IMPLICIT_CODE,plan.make_plan
deep_one_pair_caution,깊은 스택 약한 원페어 과투자 억제,flop turn river,REASONING,JUDGMENT,plan.make_plan;plan.decide_response,value response,plan.make_plan;plan.decide_response,made rel spr,"plan.make_plan(hero, board, my_range, opp_range, profile, pot, stack, street, seed=None, n_opp=1, to_act_behind=0, oop_vs_aggr=None, initiative=True, opp_est=None, opp_stack_bb=None, tilt=0.0, bb_chips=None, oop_legacy_abs=None, opp_ranges=None, opp_ests=None, opp_stack_bbs=None); plan.decide_response(profile, hero, board, street, plan, plan_state, eq, need, made_now, opp_range, pot, tocall, stack, committed, rng, allow_raise=True, call_eq=None, call_need=None, opp_ranges=None, n_opp=1, rel_seed=None, response_context=None, hero_contrib=0.0)",downgrade/call guard,H,reasoning,ACTIVE,YES (direct or upstream),SPLIT context questions and thresholds,deep_one_pair_caution,plan.py:631; plan.py:1358,IMPLICIT_CODE,plan.make_plan;plan.decide_response
continue_range_value,내 베팅에 계속할 상대에 대한 value 지분,flop turn river,REASONING,JUDGMENT,plan.make_plan;plan.decide_response;plan.river_fix;plan.refresh,plan state value labels,plan.make_plan;plan.decide_response;plan.river_fix;plan.refresh,perceived_continue_range cont_eq rel,"plan.make_plan(hero, board, my_range, opp_range, profile, pot, stack, street, seed=None, n_opp=1, to_act_behind=0, oop_vs_aggr=None, initiative=True, opp_est=None, opp_stack_bb=None, tilt=0.0, bb_chips=None, oop_legacy_abs=None, opp_ranges=None, opp_ests=None, opp_stack_bbs=None); plan.decide_response(profile, hero, board, street, plan, plan_state, eq, need, made_now, opp_range, pot, tocall, stack, committed, rng, allow_raise=True, call_eq=None, call_need=None, opp_ranges=None, n_opp=1, rel_seed=None, response_context=None, hero_contrib=0.0); plan.river_fix(state, hero, board, profile=None, opp_range=None, rng=None, n_opp=1, opp_ranges=None); plan.refresh(state, hero, board, opp_range, profile, pot, stack, street, n_opp=1, seed=None, opp_est=None, my_range=None, opp_ranges=None, opp_ests=None)",value eligibility,M/H,reasoning,ACTIVE,YES (direct or upstream),SPLIT generic rel from continue eq; street gates differ,continue_range_value,plan.py:631; plan.py:1358; plan.py:2881; plan.py:3093,IMPLICIT_CODE,plan.make_plan;plan.decide_response;plan.river_fix;plan.refresh
semibluff_line_selection,outs+fold pressure와 지속능력 결합,flop turn,MOTIVE / PLAN,PLAN,plan.make_plan;plan.decide_response;plan.refresh,plan state and raise response,plan.make_plan;plan.decide_response;plan.refresh,outs eq fold grounds,"plan.make_plan(hero, board, my_range, opp_range, profile, pot, stack, street, seed=None, n_opp=1, to_act_behind=0, oop_vs_aggr=None, initiative=True, opp_est=None, opp_stack_bb=None, tilt=0.0, bb_chips=None, oop_legacy_abs=None, opp_ranges=None, opp_ests=None, opp_stack_bbs=None); plan.decide_response(profile, hero, board, street, plan, plan_state, eq, need, made_now, opp_range, pot, tocall, stack, committed, rng, allow_raise=True, call_eq=None, call_need=None, opp_ranges=None, n_opp=1, rel_seed=None, response_context=None, hero_contrib=0.0); plan.refresh(state, hero, board, opp_range, profile, pot, stack, street, n_opp=1, seed=None, opp_est=None, my_range=None, opp_ranges=None, opp_ests=None)",semibluff plan,M/H/E,reasoning,ACTIVE,YES (direct or upstream),SPLIT flop two draws vs turn one; river conversion distinct,semibluff_line_selection,plan.py:631; plan.py:1358; plan.py:3093,IMPLICIT_CODE,plan.make_plan;plan.decide_response;plan.refresh
pure_bluff_line_selection,낮은 showdown값에서 FE/blocker/line근거 결합,flop turn river,MOTIVE / PLAN,PLAN,plan.make_plan;plan.bluff_mode,plan intents,plan.make_plan;plan.bluff_mode,eq rel blockers folds aggression skill,"plan.make_plan(hero, board, my_range, opp_range, profile, pot, stack, street, seed=None, n_opp=1, to_act_behind=0, oop_vs_aggr=None, initiative=True, opp_est=None, opp_stack_bb=None, tilt=0.0, bb_chips=None, oop_legacy_abs=None, opp_ranges=None, opp_ests=None, opp_stack_bbs=None); plan.bluff_mode(profile, rel, danger, nut_adv, opp_est, street, s, rng)",bluff line,M/H/E,reasoning,ACTIVE,YES (direct or upstream),SPLIT motive / evidence / ability / camouflage,pure_bluff_line_selection,plan.py:631; plan.py:3538,IMPLICIT_CODE,plan.make_plan;plan.bluff_mode
potcontrol_motive,중간 강도 패의 팟 확장 자제 의도,flop turn river,MOTIVE / PLAN,PLAN,plan.make_plan;plan.refresh,plan.decide_aggression,plan.make_plan;plan.refresh,rel eq made pc,"plan.make_plan(hero, board, my_range, opp_range, profile, pot, stack, street, seed=None, n_opp=1, to_act_behind=0, oop_vs_aggr=None, initiative=True, opp_est=None, opp_stack_bb=None, tilt=0.0, bb_chips=None, oop_legacy_abs=None, opp_ranges=None, opp_ests=None, opp_stack_bbs=None); plan.refresh(state, hero, board, opp_range, profile, pot, stack, street, n_opp=1, seed=None, opp_est=None, my_range=None, opp_ranges=None, opp_ests=None)",potcontrol plan label,H,reasoning,ACTIVE,YES (direct or upstream),SPLIT label != one frequency scalar,potcontrol_motive,plan.py:631; plan.py:3093,IMPLICIT_CODE,plan.make_plan;plan.refresh
potcontrol_bet_propensity,potcontrol 라인의 특정 street 공격 확률,flop turn river,REASONING,JUDGMENT,plan.decide_aggression,plan.attach_intent,plan.decide_aggression,pc nopp texture ownership,"plan.decide_aggression(profile, board, street, plan, rel, n_opp, oop, initiative, to_act_behind, rng, opp_est=None, outs=0, plan_state=None, oop_vs_aggr=None, oop_legacy_abs=None)",probability,H/E,reasoning,ACTIVE,YES (direct or upstream),SPLIT continuation vs caller stab,potcontrol_bet_propensity,plan.py:1636,IMPLICIT_CODE,plan.decide_aggression
blockbet_motive,OOP 작은 베팅으로 가격 통제하는 의도,flop turn river,MOTIVE / PLAN,PLAN,plan.make_plan,plan.decide_size,plan.make_plan,oop known aggressor value band,"plan.make_plan(hero, board, my_range, opp_range, profile, pot, stack, street, seed=None, n_opp=1, to_act_behind=0, oop_vs_aggr=None, initiative=True, opp_est=None, opp_stack_bb=None, tilt=0.0, bb_chips=None, oop_legacy_abs=None, opp_ranges=None, opp_ests=None, opp_stack_bbs=None)",block_bet plan,H,reasoning,ACTIVE,YES (direct or upstream),SPLIT flop noninitiative donk overlaps,blockbet_motive,plan.py:631,IMPLICIT_CODE,plan.make_plan
trap_induction,상대 bet 가능성과 SPR에 따른 체크 유도,flop turn river,REASONING,JUDGMENT,plan.trap_judgment;plan.opp_bet_prob,plan.make_plan,plan.trap_judgment;plan.opp_bet_prob,opp_est attention latent study skill tilt,"plan.trap_judgment(profile, opp_est, spr_now, danger, multiway, street, tilt, sk); plan.opp_bet_prob(opp_est, w, street)",trap eligibility/probability,H/E,reasoning,ACTIVE,YES (direct or upstream),ARCH_MISMATCH runtime latent use violates generation-only statement,trap_induction,plan.py:549; plan.py:471,IMPLICIT_CODE,plan.trap_judgment;plan.opp_bet_prob
trap_release_no_bite,상대가 안 물면 value line으로 복귀,turn river,REASONING,JUDGMENT,plan.mark_no_bite;plan.refresh,plan.update_plan,plan.mark_no_bite;plan.refresh,trap_state no_bite,"plan.mark_no_bite(state); plan.refresh(state, hero, board, opp_range, profile, pot, stack, street, n_opp=1, seed=None, opp_est=None, my_range=None, opp_ranges=None, opp_ests=None)",value2/value3 plan,H,reasoning,ACTIVE,YES (direct or upstream),KEEP distinct from trap entry,trap_release_no_bite,plan.py:3455; plan.py:3093,IMPLICIT_CODE,plan.mark_no_bite;plan.refresh
draw_completion_value_gate,draw 감소 뒤 made>=4 또는 rel>=.62 완성 인정,turn river,REASONING,JUDGMENT,plan.refresh;plan.river_fix,semibluff line conversion,plan.refresh;plan.river_fix,made rel outs,"plan.refresh(state, hero, board, opp_range, profile, pot, stack, street, n_opp=1, seed=None, opp_est=None, my_range=None, opp_ranges=None, opp_ests=None); plan.river_fix(state, hero, board, profile=None, opp_range=None, rng=None, n_opp=1, opp_ranges=None)",bool then street-specific transition,H,reasoning,ACTIVE,YES (direct or upstream),MERGE identical predicate only; split street outcomes,draw_completion_value_gate,plan.py:3093; plan.py:2881,IMPLICIT_CODE,plan.draw_completion_supports_value
strength_improvement_promotion,rel 상승으로 SD/potcontrol을 value로 변경,turn river,REASONING,JUDGMENT,plan.refresh,plan.update_plan,plan.refresh,oldrel rel made,"plan.refresh(state, hero, board, opp_range, profile, pot, stack, street, n_opp=1, seed=None, opp_est=None, my_range=None, opp_ranges=None, opp_ests=None)",value plan promotion,H,reasoning,ACTIVE,YES (direct or upstream),KEEP relative change != future equity,strength_improvement_promotion,plan.py:3093,IMPLICIT_CODE,plan.strength_improvement_supports_value
missed_draw_river_conversion,마지막 카드 미스 후 bluff/SD/giveup,river,REASONING,JUDGMENT,plan.river_fix,plan.update_plan,plan.river_fix,outs=0 made rel bluffskill rng,"plan.river_fix(state, hero, board, profile=None, opp_range=None, rng=None, n_opp=1, opp_ranges=None)",river_bluff / showdown / giveup,H/E,reasoning,ACTIVE,YES (direct or upstream),SPLIT terminal policy from turn draw continuation,missed_draw_river_conversion,plan.py:2881,IMPLICIT_CODE,plan.river_semibluff_resolution
river_thin_value,계속range 지분 >=.50과 rel band로 얇은 밸류,river,REASONING,JUDGMENT,plan.river_fix,plan.update_plan;plan.decide_aggression,plan.river_fix,continue_eq rel skill read,"plan.river_fix(state, hero, board, profile=None, opp_range=None, rng=None, n_opp=1, opp_ranges=None)",value_thin / SD,M/H/E,reasoning,ACTIVE,YES (direct or upstream),KEEP terminal EV proxy; not full action EV,river_thin_value,plan.py:2881,IMPLICIT_CODE,plan.river_value_reassessment
flop_cbet_plan,preflop initiative에서 플랍 공격빈도,flop,REASONING,JUDGMENT,plan.cbet_freq;plan.decide_aggression,plan.attach_intent,plan.cbet_freq;plan.decide_aggression,rangeadv texture skill nopp,"plan.cbet_freq(profile, board, n_opp, street, oop, rel, opp_est=None, range_adv=0.0); plan.decide_aggression(profile, board, street, plan, rel, n_opp, oop, initiative, to_act_behind, rng, opp_est=None, outs=0, plan_state=None, oop_vs_aggr=None, oop_legacy_abs=None)",probability,H/E,reasoning,ACTIVE,YES (direct or upstream),SPLIT flop cbet vs later barrels,flop_cbet_plan,plan.py:2088; plan.py:1636,IMPLICIT_CODE,plan.cbet_flop_frequency
turn_barrel_plan,기존 라인과 새 카드로 턴 공격빈도,turn,REASONING,JUDGMENT,plan.cbet_freq;plan.decide_aggression,plan.attach_intent,plan.cbet_freq;plan.decide_aggression,barrel_turn ownership turneffect,"plan.cbet_freq(profile, board, n_opp, street, oop, rel, opp_est=None, range_adv=0.0); plan.decide_aggression(profile, board, street, plan, rel, n_opp, oop, initiative, to_act_behind, rng, opp_est=None, outs=0, plan_state=None, oop_vs_aggr=None, oop_legacy_abs=None)",probability,H/E,reasoning,ACTIVE,YES (direct or upstream),SPLIT turn policy,turn_barrel_plan,plan.py:2088; plan.py:1636,IMPLICIT_CODE,plan.barrel_turn_frequency
river_barrel_plan,terminal value/bluff 라인의 리버 빈도,river,REASONING,JUDGMENT,plan.cbet_freq;plan.decide_aggression,plan.attach_intent,plan.cbet_freq;plan.decide_aggression,barrel_river rel prior calls,"plan.cbet_freq(profile, board, n_opp, street, oop, rel, opp_est=None, range_adv=0.0); plan.decide_aggression(profile, board, street, plan, rel, n_opp, oop, initiative, to_act_behind, rng, opp_est=None, outs=0, plan_state=None, oop_vs_aggr=None, oop_legacy_abs=None)",probability,H/E,reasoning,ACTIVE,YES (direct or upstream),SPLIT no future draw; current texture call overload,river_barrel_plan,plan.py:2088; plan.py:1636,IMPLICIT_CODE,plan.barrel_river_frequency
probe_after_checkthrough,직전 무공격 후 initiative 없는 probe,turn river,REASONING,JUDGMENT,plan.decide_aggression,plan.attach_intent,plan.decide_aggression,opp_checked_prev initiative outs,"plan.decide_aggression(profile, board, street, plan, rel, n_opp, oop, initiative, to_act_behind, rng, opp_est=None, outs=0, plan_state=None, oop_vs_aggr=None, oop_legacy_abs=None)",probability modifier,H/E,reasoning,ACTIVE,YES (direct or upstream),SPLIT turn draw-dependent / river no draw,probe_after_checkthrough,plan.py:1636,IMPLICIT_CODE,plan.decide_aggression
turn_delayed_cbet,플랍 공격하지 않은 preflop owner 턴 공격,turn,REASONING,JUDGMENT,plan.decide_aggression,plan.attach_intent,plan.decide_aggression,pf_seed bets delayedskill,"plan.decide_aggression(profile, board, street, plan, rel, n_opp, oop, initiative, to_act_behind, rng, opp_est=None, outs=0, plan_state=None, oop_vs_aggr=None, oop_legacy_abs=None)",probability,H/E,reasoning,ACTIVE,YES (direct or upstream),KEEP,turn_delayed_cbet,plan.py:1636,IMPLICIT_CODE,plan.decide_aggression
bet_budget,라인별 허용 공격 횟수와 소진 여부,flop turn river,MOTIVE / PLAN,PLAN,plan.budget_left,plan.decide_aggression;plan.decide_size;plan.refresh,plan.budget_left,plan bet_streets,"plan.budget_left(plan_state, plan, street)",remaining budget,H,reasoning,ACTIVE,YES (direct or upstream),KEEP != stackoff horizon,bet_budget,plan.py:1975,IMPLICIT_CODE,plan.budget_left
aggression_intent_sampling,의도 확률/크기를 행동 의도로 고정,flop turn river,MOTIVE / PLAN,PLAN,plan.attach_intent;plan.mk_intent;plan.set_intent;plan.intent_of,plan.act_with_plan,plan.attach_intent;plan.mk_intent;plan.set_intent;plan.intent_of,rng plans intents,"plan.attach_intent(st, hero, board, my_range, opp_range, profile, pot, stack, street, rng, n_opp, to_act_behind, oop, initiative, opp_est=None, oop_vs_aggr=None, oop_legacy_abs=None); plan.mk_intent(act, size=0.0, src=''); plan.set_intent(state, street, intent); plan.intent_of(state, street)",bet/check intent and size,H,reasoning,ACTIVE,YES (direct or upstream),KEEP decision RNG consumption order,aggression_intent_sampling,plan.py:1094; plan.py:1901; plan.py:1910; plan.py:1905,IMPLICIT_CODE,plan.attach_intent;plan.mk_intent;plan.set_intent;plan.intent_of
planned_bet_sizing,가치/블러프 camouflage/texture/투자목표 사이즈,flop turn river,MOTIVE / PLAN,PLAN,plan.decide_size,plan.attach_intent,plan.decide_size,SIZING line stackoff texture,"plan.decide_size(profile, hero, board, street, plan, rel, opp_range, my_range, pot, stack, rng, opp_est=None, nut=0.0, deviating=False, stackoff=None, plan_state=None)",pot fraction,H/E,reasoning,ACTIVE,YES (direct or upstream),SPLIT strength question vs execution size,planned_bet_sizing,plan.py:1794,IMPLICIT_CODE,plan.decide_size
turn_overbet,턴 넛/블로커/계속강도 초과팟 크기,turn,MOTIVE / PLAN,PLAN,plan.overbet_frac,plan.decide_size,plan.overbet_frac,nut rel cont strength skill,"plan.overbet_frac(profile, hero, board, opp_range, my_range, street, plan, rel, rng, opp_est=None, nut=0.0)",fraction or None,H/E,reasoning,ACTIVE,YES (direct or upstream),SPLIT turn vs river calculation branch,turn_overbet,plan.py:2021,IMPLICIT_CODE,plan.overbet_frac
river_overbet,리버 terminal 강도/블로커 초과팟 크기,river,MOTIVE / PLAN,PLAN,plan.overbet_frac,plan.decide_size,plan.overbet_frac,nut rel cont strength skill,"plan.overbet_frac(profile, hero, board, opp_range, my_range, street, plan, rel, rng, opp_est=None, nut=0.0)",fraction or None,H/E,reasoning,ACTIVE,YES (direct or upstream),SPLIT union continue range despite joint upstream,river_overbet,plan.py:2021,IMPLICIT_CODE,plan.overbet_frac
equity_denial_sizing,드로우 실현을 막기 위한 nonriver size,flop turn,MOTIVE / PLAN,PLAN,plan.decide_size,plan.attach_intent,plan.decide_size,equity_denial board danger,"plan.decide_size(profile, hero, board, street, plan, rel, opp_range, my_range, pot, stack, rng, opp_est=None, nut=0.0, deviating=False, stackoff=None, plan_state=None)",fraction modifier,H,reasoning,ACTIVE,YES (direct or upstream),KEEP not river concept,equity_denial_sizing,plan.py:1794,IMPLICIT_CODE,plan.decide_size
target_investment_fraction,강도/SPR숙련도/상대깊이로 투자목표,flop turn river,MOTIVE / PLAN,PLAN,plan.target_commit,plan.make_plan;plan.stackoff_plan,plan.target_commit,rel made opp_eff,"plan.target_commit(profile, rel, made, s, street, opp_stack_bb=None, opp_eff=None)",commit fraction,H,reasoning,ACTIVE,YES (direct or upstream),SPLIT fixed horizon from actual street; unused s/street parameters,target_investment_fraction,plan.py:3478,IMPLICIT_CODE,plan.target_commit
stackoff_spread_horizon,동일 크기 3회로 목표 stack 투입 기하,flop turn river,CALCULATION,JUDGMENT,plan.stackoff_plan;plan.spread_curve,plan.make_plan;plan.decide_size,plan.stackoff_plan;plan.spread_curve,pot stack commit curve,"plan.stackoff_plan(hero, board, profile, pot, stack, street, rng, commit=1.0, danger=0.0, opp_est=None); plan.spread_curve(profile, danger, opp_est=None)",size schedule,M/H,reasoning,SEMANTICALLY_OVERLOADED,YES (direct or upstream),SEMANTICALLY_OVERLOADED fixed three-street geometry even later street,stackoff_spread_horizon,plan.py:3626; plan.py:3592,IMPLICIT_CODE,plan.stackoff_plan;plan.spread_curve
bluff_sizing_camouflage,polar/merged/probe 크기 형태를 선택,flop turn river,MOTIVE / PLAN,PLAN,plan.bluff_mode;plan.barrel_size;plan.breakeven_fold,plan.make_plan;plan.decide_size,plan.bluff_mode;plan.barrel_size;plan.breakeven_fold,rel nut danger sizing tell fold,"plan.bluff_mode(profile, rel, danger, nut_adv, opp_est, street, s, rng); plan.barrel_size(fold_est, profile, floor=0.15, cap=1.1); plan.breakeven_fold(size_frac)",mode / pot fraction,M/H/E,reasoning,ACTIVE,YES (direct or upstream),RENAME probe here is size mode not public probe opportunity,bluff_sizing_camouflage,plan.py:3538; plan.py:3519; plan.py:3509,IMPLICIT_CODE,plan.bluff_mode;plan.barrel_size;plan.breakeven_fold
calldown_required_share,가격/BF/지각사이즈/뒤위험의 콜 요구지분,flop turn river,CALCULATION,JUDGMENT,plan.calldown_need,plan.act_with_plan,plan.calldown_need,pot tocall bf noise bias,"plan.calldown_need(profile, hero, board, street, pot, tocall, bf, read, to_act_behind, opp_est, n_opp=1, rng=None, _bf_gated=True, facing_size_frac=None, objective_breakeven=None)",need,M/H,reasoning,ACTIVE,YES (direct or upstream),SPLIT objective price vs subjective call threshold; read arg unused,calldown_required_share,plan.py:1137,IMPLICIT_CODE,plan.calldown_need
nonvalue_raise_ev_gate,낙관적 facing-opponent fold/call 모델 raiseEV gate,flop turn river,REASONING,JUDGMENT,plan._nonvalue_raise_ev_gate,plan.decide_response,plan._nonvalue_raise_ev_gate,facing range price target equity,"plan._nonvalue_raise_ev_gate(profile, hero, board, street, opp_range, opp_ranges, n_opp, pot, tocall, stack, hero_contrib, response_context, mult=None, target=None)",allow + EV detail,M/H,reasoning,ACTIVE,YES (direct or upstream),SPLIT not complete multiway response tree; unknown allows,nonvalue_raise_ev_gate,plan.py:1266,IMPLICIT_CODE,plan._nonvalue_raise_ev_gate
response_plan,value/semibluff/bluffcatch/giveup로 call/fold/raise,flop turn river,REASONING,JUDGMENT,plan.decide_response;plan.record_response_plan,plan.act_with_plan,plan.decide_response;plan.record_response_plan,eq need made plan rng,"plan.decide_response(profile, hero, board, street, plan, plan_state, eq, need, made_now, opp_range, pot, tocall, stack, committed, rng, allow_raise=True, call_eq=None, call_need=None, opp_ranges=None, n_opp=1, rel_seed=None, response_context=None, hero_contrib=0.0); plan.record_response_plan(state, street, response)",response + motive,M/H/E,reasoning,ACTIVE,YES (direct or upstream),ARCH_MISMATCH judgment and plan combined,response_plan,plan.py:1358; plan.py:1953,IMPLICIT_CODE,plan.decide_response;plan.record_response_plan
call_bias_reapplication,station/blufffear가 need와 response에 반복 적용,flop turn river,PERSONALITY / TEMPERAMENT,PLAN,persona.call_bias;persona.bias;plan.decide_response,plan.calldown_need;plan.act_with_plan,persona.call_bias;persona.bias;plan.decide_response,station blufffear hero_call,"persona.call_bias(prof, street, size_frac, made, outs); persona.bias(prof, name, street=None); plan.decide_response(profile, hero, board, street, plan, plan_state, eq, need, made_now, opp_range, pot, tocall, stack, committed, rng, allow_raise=True, call_eq=None, call_need=None, opp_ranges=None, n_opp=1, rel_seed=None, response_context=None, hero_contrib=0.0)",need/eq shifts,H,reasoning,DUPLICATED,YES (direct or upstream),DUPLICATED remove only in behavior-changing followup,call_bias_reapplication,persona.py:1070; persona.py:721; plan.py:1358,IMPLICIT_CODE,persona.call_bias;persona.bias;plan.decide_response
checkraise_flop_decision,체크 후 value 또는 draw/bluff 재공격,flop,REASONING,JUDGMENT,plan.checkraise_decision,plan.act_with_plan,plan.checkraise_decision,checked_before rel outs plan skill,"plan.checkraise_decision(hero, board, profile, plan_state, pot, tocall, stack, street, seed=None, opp_est=None)",bool,H/E,reasoning,ACTIVE,YES (direct or upstream),SPLIT actual extraction needed,checkraise_flop_decision,plan.py:2468,IMPLICIT_CODE,plan.checkraise_draw_street_probability
checkraise_turn_decision,턴 value와 남은 draw 재공격,turn,REASONING,JUDGMENT,plan.checkraise_decision,plan.act_with_plan,plan.checkraise_decision,late skill rel outs plan,"plan.checkraise_decision(hero, board, profile, plan_state, pot, tocall, stack, street, seed=None, opp_est=None)",bool,H/E,reasoning,ACTIVE,YES (direct or upstream),SPLIT shared late ability preserved initially,checkraise_turn_decision,plan.py:2468,IMPLICIT_CODE,plan.checkraise_draw_street_probability
checkraise_river_decision,리버 value/bluff만 가능한 재공격,river,REASONING,JUDGMENT,plan.checkraise_decision,plan.act_with_plan,plan.checkraise_decision,late skill rel no future draw,"plan.checkraise_decision(hero, board, profile, plan_state, pot, tocall, stack, street, seed=None, opp_est=None)",bool,H/E,reasoning,ACTIVE,YES (direct or upstream),SPLIT river_bluff label branch gap followup,checkraise_river_decision,plan.py:2468,IMPLICIT_CODE,plan.checkraise_river_probability
checkraise_sizing,pot/tocall/stack/river factor로 레이즈 목표,flop turn river,MOTIVE / PLAN,PLAN,plan.checkraise_size,plan.act_with_plan,plan.checkraise_size,size skill street stack,"plan.checkraise_size(profile, pot, tocall, stack, board, street, rng)",chip target,H,reasoning,ACTIVE,YES (direct or upstream),SPLIT street base and absolute/additional contribution units audit,checkraise_sizing,plan.py:3462,IMPLICIT_CODE,plan.checkraise_size
action_adapter_with_reasoning,저장 intent 또는 새 response 판단 후 행동 반환,flop turn river,REASONING / EXECUTION FORM,JUDGMENT,plan.act_with_plan,session.HandRun._run,plan.act_with_plan,intent eq response seed legality,"plan.act_with_plan(hero, board, profile, plan_state, pot, tocall, stack, street, initiative=True, opp_range=None, bf=1.0, seed=None, n_opp=1, to_act_behind=0, read=None, opp_est=None, opp_ranges=None, facing_seat=None, checked_before=False, can_raise=True, checkraise_seed=None, checkraise_size_seed=None, facing_size_frac=None, hero_contrib=0, response_kind=None, response_context=None, call_value=None, size_shape_seed=None)",action tuple,M/H/E,reasoning,ACTIVE,YES (direct or upstream),ARCH_MISMATCH function is not pure ACTION executor,action_adapter_with_reasoning,plan.py:2168,IMPLICIT_CODE,plan.act_with_plan
human_planned_size_shape,인간 습관 jitter/odd rounding을 PLAN에서 결정,preflop flop turn river,MOTIVE / PLAN,PLAN,persona.shape_size;persona.sizing_signature;plan.shape_planned_target,plan.preflop_plan;plan.act_with_plan,persona.shape_size;persona.sizing_signature;plan.shape_planned_target,profile.type rng raw target,"persona.shape_size(amount, ptype, rng, pot=None); persona.sizing_signature(ptype); plan.shape_planned_target(amount, profile, pot, actor_cap, seed=None)",shaped target,H,reasoning,ACTIVE,YES (direct or upstream),RENAME type not display-only; runner wrapper compatibility,human_planned_size_shape,persona.py:23; persona.py:18; plan.py:2151,IMPLICIT_CODE,persona.shape_size;persona.sizing_signature;plan.shape_planned_target
effective_allin_promotion,90pct 투자와 잔여/팟<=.05인 실제 shove 변환,flop turn river,EXECUTION FORM,ACTION,runner.effective_allin_v1,session.HandRun._run,runner.effective_allin_v1,actor_cap opp_cap_max target pot,"runner.effective_allin_v1(target, actor_cap, opp_cap_max, contrib_before, pot_before)",physical allin target,M/H,reasoning,ACTIVE,YES (direct or upstream),KEEP active execution policy not merely rounding,effective_allin_promotion,runner.py:25,IMPLICIT_CODE,runner.effective_allin_v1
plan_revision_lifecycle,새 보드/새 range에서 plan 재작성/refresh,flop turn river,REASONING,JUDGMENT,plan.update_plan;runner.revise_plan;plan.refresh,session.HandRun._run,plan.update_plan;runner.revise_plan;plan.refresh,first prev_board cached intent,"plan.update_plan(state, hero, board, my_range, opp_range, profile, pot, stack, street, seed, n_opp, behind, prev_board, oop, initiative, opp_est=None, opp_stack_bb=None, tilt=0.0, first=False, pf_seed=None, bb_chips=None, oop_vs_aggr=None, oop_legacy_abs=None, opp_ranges=None, opp_checked_prev=None, opp_ests=None, opp_stack_bbs=None); runner.revise_plan(state, hero, board, my_range, opp_range, profile, pot, stack, street, seed, n_opp, behind, prev_board, oop_vs_aggr=None, oop_legacy_abs=None, initiative=True, opp_ranges=None); plan.refresh(state, hero, board, opp_range, profile, pot, stack, street, n_opp=1, seed=None, opp_est=None, my_range=None, opp_ranges=None, opp_ests=None)",new plan state,H,reasoning,ACTIVE,YES (direct or upstream),ARCH_MISMATCH flop first always; replan bb/tilt missing; preserve behavior,plan_revision_lifecycle,plan.py:2763; runner.py:280; plan.py:3093,IMPLICIT_CODE,plan.update_plan;runner.revise_plan;plan.refresh
plan_concept_permission,보유 capability 없는 라인 fallback,flop turn river,REASONING,JUDGMENT,plan._allowed,plan.update_plan,plan._allowed,generic aliases rng,"plan._allowed(profile, plan, rng=None)",permitted label,H,reasoning,ACTIVE,YES (direct or upstream),SPLIT generic checkraise alias uses flop in trap gate,plan_concept_permission,plan.py:3053,IMPLICIT_CODE,plan._allowed
opponent_fold_constraint,여러 상대 중 가장 낮은 fold read 대표,flop turn river,EXPLOIT / ADAPTATION,JUDGMENT,plan.select_field_opponent,plan.make_plan;plan.refresh,plan.select_field_opponent,opp_ests purpose,"plan.select_field_opponent(profile, opp_ests, street, purpose='fold_constraint')",selected estimate + metadata,E/H,exploit,ACTIVE,YES (direct or upstream),KEEP representative retained plus original map; no all-fold probability,opponent_fold_constraint,plan.py:512,IMPLICIT_CODE,plan.select_field_opponent
opponent_trap_target,상대 중 bet 유도 가능성이 높은 대표,flop turn river,EXPLOIT / ADAPTATION,JUDGMENT,plan.select_field_opponent;plan.opp_bet_prob,plan.make_plan,plan.select_field_opponent;plan.opp_bet_prob,opp_ests bet probabilities,"plan.select_field_opponent(profile, opp_ests, street, purpose='fold_constraint'); plan.opp_bet_prob(opp_est, w, street)",target read,E/H,exploit,ACTIVE,YES (direct or upstream),KEEP purpose distinct from fold constraint,opponent_trap_target,plan.py:512; plan.py:471,IMPLICIT_CODE,plan.select_field_opponent;plan.opp_bet_prob
field_effective_depth,최대 contestable 상대깊이 scalar,flop turn river,CALCULATION,JUDGMENT,plan.field_effective_stack_bb,plan.make_plan;plan.target_commit,plan.field_effective_stack_bb,opp_stack_bbs map,"plan.field_effective_stack_bb(opp_stack_bbs, fallback=None)",max depth,M,reasoning,ACTIVE,YES (direct or upstream),KEEP map retained; not expected field stack,field_effective_depth,plan.py:492,IMPLICIT_CODE,plan.field_effective_stack_bb
opponent_behavior_memory,관측자->상대 pid별 실제 기회/행동 count,all,FACT,JUDGMENT,reads.Book.rec;reads.Book.observe_preflop;reads.Book.observe_postflop;reads.Book.observe_size,reads.estimate,reads.Book.rec;reads.Book.observe_preflop;reads.Book.observe_postflop;reads.Book.observe_size,book.d counters,"reads.Book.rec(self, i, j); reads.Book.observe_preflop(self, observers, actor, vpip, pfr, limp=False, limp_chance=False, rfi_exp=None); reads.Book.observe_postflop(self, observers, actor, action, is_cbet_spot, is_barrel_spot, facing_bet=False, facing_raise=False, street=None, is_delayed_cbet_spot=False); reads.Book.observe_size(self, observers, actor, size_frac, street=None)",memory,M/E,reasoning,ACTIVE,YES (direct or upstream),ARCH_MISMATCH bot tables recreate Book each hand,opponent_behavior_memory,reads.py:136; reads.py:296; reads.py:320; reads.py:195,IMPLICIT_CODE,reads.Book.rec;reads.Book.observe_preflop;reads.Book.observe_postflop;reads.Book.observe_size
preflop_raise_observation,3bet/4bet/backraise/cold/limpraise 조건 count,preflop,FACT,JUDGMENT,reads.Book.observe_3bet;reads.Book.observe_4bet;reads.Book.observe_backraise;reads.Book.observe_cold_reraise;reads.Book.observe_limp_raise,reads.estimate,reads.Book.observe_3bet;reads.Book.observe_4bet;reads.Book.observe_backraise;reads.Book.observe_cold_reraise;reads.Book.observe_limp_raise,opportunity numerator denominator,"reads.Book.observe_3bet(self, observers, actor, had_chance, did_3bet, faced_3bet=False, folded_to_3bet=False); reads.Book.observe_4bet(self, observers, actor, had_chance, did_4bet, faced_4bet=False, folded_to_4bet=False); reads.Book.observe_backraise(self, observers, actor, had_chance, did_backraise, folded_to_squeeze=False); reads.Book.observe_cold_reraise(self, observers, actor, had_chance, called=False, raised=False, folded=False); reads.Book.observe_limp_raise(self, observers, actor, faced, folded)",observed rates,M/E,reasoning,ACTIVE,YES (direct or upstream),KEEP cold observer exists; docs stale,preflop_raise_observation,reads.py:223; reads.py:211; reads.py:237; reads.py:255; reads.py:281,IMPLICIT_CODE,reads.Book.observe_3bet;reads.Book.observe_4bet;reads.Book.observe_backraise;reads.Book.observe_cold_reraise;reads.Book.observe_limp_raise
showdown_strength_observation,공개패 기반 약패공격/강패 관측 의도,all,PERCEPTION,JUDGMENT,reads.Book.observe_showdown;session.HandRun._finish;dynamics.Tilt.note_showdown,reads.estimate;runner.adjust_range_by_history,reads.Book.observe_showdown;session.HandRun._finish;dynamics.Tilt.note_showdown,PCT shown hands,"reads.Book.observe_showdown(self, observers, actor, hand_pct, was_aggressor); session.HandRun._finish(self, contrib, dead, folded, live, board, how); dynamics.Tilt.note_showdown(self, pid, hand)",memory counts,H/E,reasoning,ACTIVE,YES (direct or upstream),ARCH_MISMATCH all live sampled before shown/muck decision; PCT not postflop strength,showdown_strength_observation,reads.py:350; session.py:2672; dynamics.py:191,IMPLICIT_CODE,reads.Book.observe_showdown;session.HandRun._finish;dynamics.Tilt.note_showdown
opponent_estimation,표본/observer skill로 prior shrink 및 jitter,all,PERCEPTION,JUDGMENT,reads.estimate;reads._shrink;reads.obs_from_profile,reads.perceived_profile,reads.estimate;reads._shrink;reads.obs_from_profile,counts priors confidence rng,"reads.estimate(book, observer, target, observer_type, rng=None); reads._shrink(obs_val, n, prior, skill, overconf); reads.obs_from_profile(prof)",rate estimates,M/H/E,reasoning,ACTIVE,YES (direct or upstream),SPLIT belief uncertainty from exploit strength,opponent_estimation,reads.py:367; reads.py:360; reads.py:25,IMPLICIT_CODE,reads.estimate;reads._shrink;reads.obs_from_profile
opponent_concept_inference,관측통계에서 latent 및 concept 추정,all,PERCEPTION,JUDGMENT,reads.infer_latent;reads.estimate_concepts;reads.perceived_profile;reads.range_profile,session.HandRun._reads_for;ranges.preflop_range,reads.infer_latent;reads.estimate_concepts;reads.perceived_profile;reads.range_profile,vpip pfr sizes LOADING,"reads.infer_latent(est); reads.estimate_concepts(est, observer_type='TAG', rng=None, keys=None); reads.perceived_profile(book, observer, target, observer_type, rng=None); reads.range_profile(perceived)",perceived profile,H/E,reasoning,ACTIVE,YES (direct or upstream),KEEP true actor persona not read; unvalidated empirical latent inversion,opponent_concept_inference,reads.py:524; reads.py:559; reads.py:594; reads.py:643,IMPLICIT_CODE,reads.infer_latent;reads.estimate_concepts;reads.perceived_profile;reads.range_profile
style_belief_reference,style_sig/style_prior 파일로 Bayesian-like style belief,all,PERCEPTION,JUDGMENT,reads.style_hypotheses;reads.concept_belief;reads.opponent_belief,tools.belief_diag,reads.style_hypotheses;reads.concept_belief;reads.opponent_belief,style data estimates,"reads.style_hypotheses(est, sharpness=1.0); reads.concept_belief(styles, confidence); reads.opponent_belief(book, observer, target, observer_type, rng=None)",belief dictionary,H/E,reasoning,SHADOW,NO,SHADOW no live decision consumer,style_belief_reference,reads.py:765; reads.py:793; reads.py:820,IMPLICIT_CODE,reads.style_hypotheses;reads.concept_belief;reads.opponent_belief
recency_window,관측누적을 최근 memory hand 창으로 절단,all,PERCEPTION,JUDGMENT,reads._append_hand_snapshot;reads._recent_record,reads.Book.observe_preflop;reads.estimate,reads._append_hand_snapshot;reads._recent_record,_hand_hist memory,"reads._append_hand_snapshot(r); reads._recent_record(r, memory)",recent counters,M,reasoning,OPT-IN,conditional / flag,OPT-IN defaults off; default only effective n capped,recency_window,reads.py:66; reads.py:84,IMPLICIT_CODE,reads._append_hand_snapshot;reads._recent_record
exploit_read_permission,관측 신뢰/적응력에 따른 의도적 이탈 가중,all,EXPLOIT / ADAPTATION,JUDGMENT,persona._exploit_base_weight;persona.exploit_weight;persona.read_opponent;persona.street_gap,preflop decision;plan.make_plan;plan.decide_aggression,persona._exploit_base_weight;persona.exploit_weight;persona.read_opponent;persona.street_gap,confidence n attention adaptation,"persona._exploit_base_weight(prof, confidence=0.0, n_hands=0); persona.exploit_weight(prof, confidence=0.0, n_hands=0); persona.read_opponent(prof, opp_est); persona.street_gap(rd, street)",w + street gaps,H/E,exploit,ACTIVE,YES (direct or upstream),SPLIT legacy exploit_weight != read_opponent weight; v3 optin unifies,exploit_read_permission,persona.py:1091; persona.py:1107; persona.py:1142; persona.py:1283,IMPLICIT_CODE,persona._exploit_base_weight;persona.exploit_weight;persona.read_opponent;persona.street_gap
opponent_sizing_normalization,습관적 크기를 상대적 강약 가격신호로 해석,flop turn river,PERCEPTION,JUDGMENT,persona.opp_size_norm;persona.size_read,plan.calldown_need,persona.opp_size_norm;persona.size_read,szmean sd n perceived size,"persona.opp_size_norm(rd, size_frac, street=None); persona.size_read(prof, size_frac)",effective size strength,H/E,reasoning,ACTIVE,YES (direct or upstream),SPLIT physical pot odds never replace raw facts,opponent_sizing_normalization,persona.py:922; persona.py:1048,IMPLICIT_CODE,persona.opp_size_norm;persona.size_read
shown_hand_range_adjustment,최근6 공개 핸드 순위로 posterior 재확대/축소,flop turn river,PERCEPTION,JUDGMENT,runner.adjust_range_by_history,session.HandRun._run,runner.adjust_range_by_history,Tilt.shown PCT median,"runner.adjust_range_by_history(base_range, dyn, pid, board, dead=None)",adjusted range,H/E,reasoning,ACTIVE,YES (direct or upstream),SPLIT Book posterior vs separate history heuristic; visibility mismatch,shown_hand_range_adjustment,runner.py:318,IMPLICIT_CODE,runner.adjust_range_by_history
perceived_player_edge,자기 skill/필드수준에서 체감 edge,all,PERCEPTION,JUDGMENT,persona.perceived_edge;preflop.crude_edge,persona.variance_seek;preflop.feel_of,persona.perceived_edge;preflop.crude_edge,skill field_q,"persona.perceived_edge(prof, field_q=0.6); preflop.crude_edge(prof)",edge,H,reasoning,ACTIVE,YES (direct or upstream),KEEP not measured real EV edge,perceived_player_edge,persona.py:947; preflop.py:147,IMPLICIT_CODE,persona.perceived_edge;preflop.crude_edge
accumulation_variance_drive,대회진행/재진입/상금평탄/성향 위험추구,all,PERSONALITY / TEMPERAMENT,PLAN,persona.accum_drive;persona.variance_seek,preflop.open_decision;preflop.raise_form,persona.accum_drive;persona.variance_seek,gamble edge tilt bf,"persona.accum_drive(prof, payout_flat=0.0, reentry=False, progress=0.0); persona.variance_seek(prof, tilt=0.0, field_q=0.6, stack_bb=None, bf=1.0, payout_flat=0.0, reentry=False, progress=0.0)",variance tendency,H,reasoning,ACTIVE,YES (direct or upstream),SPLIT from optimal risk-adjusted EV,accumulation_variance_drive,persona.py:968; persona.py:1000,IMPLICIT_CODE,persona.accum_drive;persona.variance_seek
icm_exact_share,Harville stack-share 순서 확률 기반 상금 지분,all,ICM / TOURNAMENT,JUDGMENT,icm.icm_equity;icm._icm_equity_subset;icm._icm_equity_reference;icm._subset_path_prune_safe,icm.bubble_factor,icm.icm_equity;icm._icm_equity_subset;icm._icm_equity_reference;icm._subset_path_prune_safe,stacks payouts,"icm.icm_equity(stacks, payouts); icm._icm_equity_subset(stacks, payouts); icm._icm_equity_reference(stacks, payouts); icm._subset_path_prune_safe(stacks, k)",payout equity vector,M,reasoning,ACTIVE,YES (direct or upstream),KEEP subset optimization guarded by prune equivalence,icm_exact_share,icm.py:118; icm.py:81; icm.py:6; icm.py:35,IMPLICIT_CODE,icm.icm_equity;icm._icm_equity_subset;icm._icm_equity_reference;icm._subset_path_prune_safe
icm_bubble_factor,자기 stack up/down ICM 손익비,all,ICM / TOURNAMENT,JUDGMENT,icm.bubble_factor;icm.table_bf;play.Hand.bf,persona.icm_bf;preflop decisions;plan.calldown_need,icm.bubble_factor;icm.table_bf;play.Hand.bf,remaining stacks payouts risk,"icm.bubble_factor(stacks, payouts, seat_idx, risk=None); icm.table_bf(stacks, seat_idx, remaining, itm, payouts, payout_flat=0.0, field_avg=None); play.Hand.bf(self, s)",BF 1..4,M/H,reasoning,ACTIVE,YES (direct or upstream),"SPLIT simplified non-zero-sum perturbation, not opponent-specific transfer EV",icm_bubble_factor,icm.py:148; icm.py:306; play.py:156,IMPLICIT_CODE,icm.bubble_factor;icm.table_bf;play.Hand.bf
field_icm_proxy,전체필드 단계/상대stack lognormal BF 근사,all,ICM / TOURNAMENT,JUDGMENT,icm.stage_pressure;icm.stack_pressure;icm.field_bf,icm.table_bf,icm.stage_pressure;icm.stack_pressure;icm.field_bf,remaining itm field_avg payoutflat,"icm.stage_pressure(remaining,itm); icm.stack_pressure(stack,field_avg); icm.field_bf(stack,field_avg,remaining,itm,payout_flat=0.0)",BF proxy,H,reasoning,ACTIVE,YES (direct or upstream),REMOVE_COMPAT overwritten old field_bf definition and obsolete tables,field_icm_proxy,icm.py:269; icm.py:284; icm.py:296,IMPLICIT_CODE,icm.stage_pressure;icm.stack_pressure;icm.field_bf
perceived_icm_pressure,실제 BF를 skill/성향으로 할인한 압박,all,PERCEPTION,JUDGMENT,persona.icm_signal;persona.icm_aware;persona.icm_bf;persona.icm_press,plan.calldown_need;preflop decisions,persona.icm_signal;persona.icm_aware;persona.icm_bf;persona.icm_press,BF icm skill gamble,"persona.icm_signal(bf); persona.icm_aware(prof); persona.icm_bf(prof, bf); persona.icm_press(prof, bf, k=1.0)",perceived BF/pressure,H,reasoning,ACTIVE,YES (direct or upstream),KEEP objective BF distinct subjective,perceived_icm_pressure,persona.py:775; persona.py:780; persona.py:789; persona.py:803,IMPLICIT_CODE,persona.icm_signal;persona.icm_aware;persona.icm_bf;persona.icm_press
icm_required_equity_reference,가격과 BF에서 call 요구 지분 계산,all,CALCULATION,JUDGMENT,icm.required_equity,reference callers,icm.required_equity,pot tocall bf,"icm.required_equity(pot, tocall, bf)",required fraction,M,reasoning,FALLBACK,conditional / flag,FALLBACK not canonical plan formula; do not merge different pot conventions,icm_required_equity_reference,icm.py:165,IMPLICIT_CODE,icm.required_equity
payout_jump_context,현재보장액/다음점프/남은탈락수,all,FACT,JUDGMENT,context.money_jump_context;context.progress_of;formats.payouts,fieldsim.Field.stamp;session._money_jump_observe,context.money_jump_context;context.progress_of;formats.payouts,remaining itm payouts,"context.money_jump_context(remaining, itm, payouts); context.progress_of(remaining, entries, itm=None); formats.payouts(n_paid, flat=0.0)",jump dictionary,M,reasoning,ACTIVE,YES (direct or upstream),KEEP,payout_jump_context,context.py:62; context.py:50; formats.py:109,IMPLICIT_CODE,context.money_jump_context;context.progress_of;formats.payouts
money_jump_seat_topology,내 stack/shorter stack/cover/뒤위험 사실,all,FACT,JUDGMENT,session._money_jump_observe,money_pressure.signals;money_pressure.pressure_opportunity,session._money_jump_observe,field_stacks seat stacks yettoact,"session._money_jump_observe(h, seat, rnd, street, profile, to_call=0, pot=0, facing_seat=None, decision_context=None, facing_read=None)",per-seat context,M,reasoning,ACTIVE,YES (direct or upstream),KEEP objective vs perceived actor view,money_jump_seat_topology,session.py:693,IMPLICIT_CODE,session._money_jump_observe
payout_importance,점프크기와 거리의 가치 중요도,all,ICM / TOURNAMENT,JUDGMENT,money_pressure.payout_importance,money_pressure.objective_self_preservation,money_pressure.payout_importance,jump fractions distance,money_pressure.payout_importance(state),0..1 signal,H,reasoning,ACTIVE,YES (direct or upstream),KEEP heuristic not ICM exact,payout_importance,money_pressure.py:58,IMPLICIT_CODE,money_pressure.payout_importance
ladder_wait_buffer,나보다 짧은stack 수/심각도/버틸여력,all,ICM / TOURNAMENT,JUDGMENT,money_pressure.ladder_buffer;money_pressure.shorter_severity;money_pressure.waiting_feasibility,money_pressure.objective_self_preservation,money_pressure.ladder_buffer;money_pressure.shorter_severity;money_pressure.waiting_feasibility,nshorter ratio future bb,money_pressure.ladder_buffer(state); money_pressure.shorter_severity(state); money_pressure.waiting_feasibility(state),buffer/severity/feasibility,M/H,reasoning,ACTIVE,YES (direct or upstream),KEEP separate quantities,ladder_wait_buffer,money_pressure.py:72; money_pressure.py:84; money_pressure.py:92,IMPLICIT_CODE,money_pressure.ladder_buffer;money_pressure.shorter_severity;money_pressure.waiting_feasibility
money_self_preservation,지급점프 상황에서 칩손실 회피 신호,all,ICM / TOURNAMENT,JUDGMENT,money_pressure.objective_self_preservation;money_pressure.perceived_self_preservation,money_pressure.signals;money_pressure.unopened_modifiers,money_pressure.objective_self_preservation;money_pressure.perceived_self_preservation,payout BF ladder awareness,"money_pressure.objective_self_preservation(state); money_pressure.perceived_self_preservation(state, actor)",objective/perceived preservation,H,reasoning,ACTIVE,YES (direct or upstream),KEEP objective and perception separate outputs,money_self_preservation,money_pressure.py:110; money_pressure.py:118,IMPLICIT_CODE,money_pressure.objective_self_preservation;money_pressure.perceived_self_preservation
money_urgency,강제비용/짧은stack으로 기다릴 수 없는 압박,all,ICM / TOURNAMENT,JUDGMENT,money_pressure.objective_urgency;money_pressure.perceived_urgency,money_pressure.signals;money_pressure.unopened_modifiers,money_pressure.objective_urgency;money_pressure.perceived_urgency,forced cost buffer bb,"money_pressure.objective_urgency(state); money_pressure.perceived_urgency(state, actor)",urgency,H,reasoning,ACTIVE,YES (direct or upstream),KEEP,money_urgency,money_pressure.py:129; money_pressure.py:137,IMPLICIT_CODE,money_pressure.objective_urgency;money_pressure.perceived_urgency
stack_cover_pressure,상대를 cover하면서 지급압박을 행사할 기회,all,ICM / TOURNAMENT,JUDGMENT,money_pressure.cover_strength;money_pressure.topology_safety;money_pressure.structural_pressure;money_pressure.pressure_opportunity;money_pressure.exploit_realization;money_pressure.read_adjustment,money_pressure.unopened_modifiers,money_pressure.cover_strength;money_pressure.topology_safety;money_pressure.structural_pressure;money_pressure.pressure_opportunity;money_pressure.exploit_realization;money_pressure.read_adjustment,hero target actor read,"money_pressure.cover_strength(hero_stack_bb, target_stack_bb); money_pressure.topology_safety(state); money_pressure.structural_pressure(hero_state, target_state); money_pressure.pressure_opportunity(hero_state, target_state, actor, read=None, read_channel='generic'); money_pressure.exploit_realization(actor); money_pressure.read_adjustment(read, channel='generic')",structural/theory/final pressure,H/E,reasoning,ACTIVE,YES (direct or upstream),SPLIT facts / awareness / exploit channels,stack_cover_pressure,money_pressure.py:145; money_pressure.py:157; money_pressure.py:178; money_pressure.py:210; money_pressure.py:166; money_pressure.py:192,IMPLICIT_CODE,money_pressure.cover_strength;money_pressure.topology_safety;money_pressure.structural_pressure;money_pressure.pressure_opportunity;money_pressure.exploit_realization;money_pressure.read_adjustment
money_commitment_budget,생존과 긴급성으로 허용 투자량 신호,all,ICM / TOURNAMENT,JUDGMENT,money_pressure.commitment_budget;money_pressure.low_commit_pressure,money_pressure.signals;session._money_jump_observe,money_pressure.commitment_budget;money_pressure.low_commit_pressure,preserve urgency,"money_pressure.commitment_budget(state, actor); money_pressure.low_commit_pressure(pressure, state, actor)",budget signal,H,reasoning,SHADOW,NO,SHADOW postflop no action consumer,money_commitment_budget,money_pressure.py:224; money_pressure.py:235,IMPLICIT_CODE,money_pressure.commitment_budget;money_pressure.low_commit_pressure
money_open_range_modifier,전원압박 평균과 cover위험으로 RFI 범위 변경,preflop,ICM / TOURNAMENT,JUDGMENT,money_pressure.unopened_modifiers,preflop.open_decision,money_pressure.unopened_modifiers,range_factor,money_pressure.unopened_modifiers(state),RFI width multiplier,H/E,reasoning,ACTIVE,YES (direct or upstream),KEEP ACTIVE range only,money_open_range_modifier,money_pressure.py:240,IMPLICIT_CODE,money_pressure.unopened_modifiers
money_open_form_shadow,머니압박에 따른 사이즈/림프 후보 신호,preflop,ICM / TOURNAMENT,JUDGMENT,money_pressure.unopened_modifiers,session._money_jump_observe,money_pressure.unopened_modifiers,size_factor_shadow limp_pull_shadow,money_pressure.unopened_modifiers(state),logged proposed modifiers,H,reasoning,SHADOW,NO,SHADOW not enabled,money_open_form_shadow,money_pressure.py:240,IMPLICIT_CODE,money_pressure.unopened_modifiers
sidepot_geometry,기여level별 amount/eligible/live/locked 분리,all,FACT,JUDGMENT,session._decision_pot_layers;session._project_call_layers;session._project_bet_outcome_layers,session.HandRun._run,session._decision_pot_layers;session._project_call_layers;session._project_bet_outcome_layers,prior and street contrib folded stacks,"session._decision_pot_layers(prior_contrib, street_contrib, folded, stacks, hero=None, dead=0); session._project_call_layers(prior_contrib, street_contrib, folded, stacks, hero, tocall, dead=0); session._project_bet_outcome_layers(prior_contrib, street_contrib, folded, stacks, hero, target, bet_increment, target_action, dead=0)",layer list and projected layers,M,reasoning,ACTIVE,YES (direct or upstream),KEEP distinct settlement dead-ante allocation,sidepot_geometry,session.py:324; session.py:480; session.py:642,IMPLICIT_CODE,session._decision_pot_layers;session._project_call_layers;session._project_bet_outcome_layers
layer_expected_share,각 획득가능 layer의 상대pool별 지분,all,CALCULATION,JUDGMENT,session._diagnostic_layer_equities,session.HandRun._run;preflop.calloff_layer_judgment,session._diagnostic_layer_equities,active_ranges locked_ranges board sims,"session._diagnostic_layer_equities(hero_seat, hero_cards, board, pot_layers, active_ranges, locked_ranges, sims=600, seed=None)",layer equities complete flag,M,reasoning,ACTIVE,YES (direct or upstream),RENAME diagnostic prefix misleading: partial ACTIVE,layer_expected_share,session.py:404,IMPLICIT_CODE,session._diagnostic_layer_equities
layer_investment_ev,각 layer기여와 지분을 금액 EV로 합산,all,CALCULATION,JUDGMENT,session._layer_investment_summary;session._layer_call_summary,session.HandRun._run;preflop.calloff_layer_judgment,session._layer_investment_summary;session._layer_call_summary,incremental cost layers equity,"session._layer_investment_summary(incremental_cost, projected_layers, projected_equities); session._layer_call_summary(call_cost, projected_layers, projected_equities)",EV required_eq summary,M,reasoning,ACTIVE,YES (direct or upstream),KEEP active only complete closing call,layer_investment_ev,session.py:502; session.py:552,IMPLICIT_CODE,session._layer_investment_summary;session._layer_call_summary
fold_call_bet_ev,한 active 상대 fold/call branch 기대값,river,CALCULATION,JUDGMENT,session._perceived_fold_to_bet_probability;session._combine_fold_call_ev,session.HandRun._run,session._perceived_fold_to_bet_probability;session._combine_fold_call_ev,pfold foldsummary callsummary raise_possible,"session._perceived_fold_to_bet_probability(profile, opp_est, street); session._combine_fold_call_ev(p_fold, fold_summary, call_summary, raise_possible)",partial/exhaustive EV,M/H/E,reasoning,ACTIVE,YES (direct or upstream),KEEP only no-raise closing river exhaustive consumer,fold_call_bet_ev,session.py:579; session.py:606,IMPLICIT_CODE,session._perceived_fold_to_bet_probability;session._combine_fold_call_ev
river_layer_bet_veto,bet EV가 check보다 낮으면 intent check로 재지정,river,REASONING,JUDGMENT,plan.apply_layer_bet_ev_judgment,session.HandRun._run,plan.apply_layer_bet_ev_judgment,complete closing layer EV intent,"plan.apply_layer_bet_ev_judgment(state, street, bet_minus_check_ev)",veto or retained intent,M,reasoning,ACTIVE,YES (direct or upstream),KEEP partial F8 activation not full sidepot strategy,river_layer_bet_veto,plan.py:1917,IMPLICIT_CODE,plan.apply_layer_bet_ev_judgment
pot_award_settlement,메인/사이드팟 eligible winner 분배/odd chips,all,EXECUTION FORM,ACTION,session.award_pots,session.HandRun._finish,session.award_pots,contrib folded cards dead odd_order,"session.award_pots(contrib, hole, board, folded, stacks, dead=0, unit=1, odd_order=None)",winners amounts stacks,M,reasoning,ACTIVE,YES (direct or upstream),KEEP separate legal settlement not strategic EV,pot_award_settlement,session.py:954,IMPLICIT_CODE,session.award_pots
showdown_visibility,올인전원공개/승자공개/패배자muck 순서,river,FACT,JUDGMENT,session.HandRun._finish,live2._archive;ui.server.ui_view.render_result,session.HandRun._finish,full_log live allin bestscores,"session.HandRun._finish(self, contrib, dead, folded, live, board, how)",shown_hole mucked show_order,M/H,reasoning,ACTIVE,YES (direct or upstream),ARCH_MISMATCH observers recorded before visibility,showdown_visibility,session.py:2672,IMPLICIT_CODE,session.HandRun._finish
emotion_loss_shock,스택대비손실/반복강도에 따른 tilt 변화,all,PERSONALITY / TEMPERAMENT,PLAN,dynamics.Tilt.on_pot;dynamics.Tilt.on_fold_after_investing,session.HandRun._tilt_update,dynamics.Tilt.on_pot;dynamics.Tilt.on_fold_after_investing,loss_frac prone tilt_stack heat,"dynamics.Tilt.on_pot(self, pid, prof, delta_bb, stack_bb=None); dynamics.Tilt.on_fold_after_investing(self, pid, prof, invested_bb, stack_bb)",tilt level,H,reasoning,ACTIVE,YES (direct or upstream),KEEP poker psychology heuristic,emotion_loss_shock,dynamics.py:90; dynamics.py:173,IMPLICIT_CODE,dynamics.Tilt.on_pot;dynamics.Tilt.on_fold_after_investing
emotion_streak_and_dry,연속패/비참여 건조함의 감정축적,all,PERSONALITY / TEMPERAMENT,PLAN,dynamics.Tilt.on_result,session.HandRun._tilt_update,dynamics.Tilt.on_result,contested played showdown streak dry,"dynamics.Tilt.on_result(self, pid, prof, won, played, contested=None, showdown=False)",tilt level,H,reasoning,ACTIVE,YES (direct or upstream),KEEP,emotion_streak_and_dry,dynamics.py:139,IMPLICIT_CODE,dynamics.Tilt.on_result
emotion_recovery,모든 pid의 성향별 자연 감쇠,all,PERSONALITY / TEMPERAMENT,PLAN,dynamics.Tilt.on_hand_end;dynamics.Tilt.decay_all,session.HandRun._tilt_update,dynamics.Tilt.on_hand_end;dynamics.Tilt.decay_all,profiles pid level heat,"dynamics.Tilt.on_hand_end(self, pid, prof); dynamics.Tilt.decay_all(self, profiles)",new tilt state,H,reasoning,ACTIVE,YES (direct or upstream),KEEP,emotion_recovery,dynamics.py:204; dynamics.py:216,IMPLICIT_CODE,dynamics.Tilt.on_hand_end;dynamics.Tilt.decay_all
emotion_profile_view,감정이 능력/성향을 변화시키는 현재 view,all,PERSONALITY / TEMPERAMENT,PLAN,persona.tilted_view;persona.tilt_decay;persona.tilt_direction;play.Hand.axes;play.Hand.profile_views,session.HandRun._run,persona.tilted_view;persona.tilt_decay;persona.tilt_direction;play.Hand.axes;play.Hand.profile_views,tilt concept loading profile,"persona.tilted_view(prof, tilt); persona.tilt_decay(prof, key, tilt); persona.tilt_direction(prof); play.Hand.axes(self, s); play.Hand.profile_views(self, s)",tilted axes and separate views,H,reasoning,ACTIVE,YES (direct or upstream),ARCH_MISMATCH axes view used for judgments; clean views API not full reroute,emotion_profile_view,persona.py:866; persona.py:826; persona.py:850; play.py:147; play.py:137,IMPLICIT_CODE,persona.tilted_view;persona.tilt_decay;persona.tilt_direction;play.Hand.axes;play.Hand.profile_views
persona_population_generation,study/aggro/exp에서 skill분포와12기질 생성,all,PERSONALITY / TEMPERAMENT,PLAN,persona.make_player;persona._money_jump_skill;persona.skill_bounds;persona.derive,fieldsim.Field.__init__;field.make_player,persona.make_player;persona._money_jump_skill;persona.skill_bounds;persona.derive,LOADING SPREAD latent rng fieldq,"persona.make_player(rng, field_quality=0.6, pid=None, _depth=0, aggr_bias=0.0, loose_bias=0.0); persona._money_jump_skill(study, aggro, exp, pid); persona.skill_bounds(q); persona.derive(p)",player profile,H,reasoning,ACTIVE,YES (direct or upstream),SPLIT generation latent vs runtime study; no evidence pro-player learned data,persona_population_generation,persona.py:224; persona.py:207; persona.py:216; persona.py:285,IMPLICIT_CODE,persona.make_player;persona._money_jump_skill;persona.skill_bounds;persona.derive
display_skill_summary,전체능력 평균/tier/분포percentile,all,PERSONALITY / TEMPERAMENT,PLAN,persona.overall_skill;persona.skill_pct;persona.tier;persona.profile_card;persona.label,telemetry_sync._manifest;UI display,persona.overall_skill;persona.skill_pct;persona.tier;persona.profile_card;persona.label,concepts,persona.overall_skill(prof); persona.skill_pct(prof); persona.tier(prof); persona.profile_card(prof); persona.label(p),summary/card,H,reasoning,SEMANTICALLY_OVERLOADED,summary APIs NO; label YES through sizing_signature,SHADOW action indirect label used sizing; error_rate dead,display_skill_summary,persona.py:1296; persona.py:1311; persona.py:1328; persona.py:1335; persona.py:302,IMPLICIT_CODE,persona.overall_skill;persona.skill_pct;persona.tier;persona.profile_card;persona.label
physical_button_rotation,dead BTN/SB와 다음 BB의 물리좌석 규칙,all,FACT,JUDGMENT,fieldsim.Table.advance_button;fieldsim.Table.restore_positions;fieldsim.Table.hand_layout;fieldsim.Table.reconcile_next_hand,live2._hero_table_setup;fieldsim.Field._play_table,fieldsim.Table.advance_button;fieldsim.Table.restore_positions;fieldsim.Table.hand_layout;fieldsim.Table.reconcile_next_hand,seats markers live,"fieldsim.Table.advance_button(self); fieldsim.Table.restore_positions(self, button=None, button_seat=None, sb_seat=None, bb_seat=None, legacy_dead_hint=False); fieldsim.Table.hand_layout(self); fieldsim.Table.reconcile_next_hand(self)",positions and order,M,reasoning,ACTIVE,YES (direct or upstream),KEEP distinct legacy table.Table rotation,physical_button_rotation,fieldsim.py:343; fieldsim.py:152; fieldsim.py:293; fieldsim.py:250,IMPLICIT_CODE,fieldsim.Table.advance_button;fieldsim.Table.restore_positions;fieldsim.Table.hand_layout;fieldsim.Table.reconcile_next_hand
field_table_balance,테이블 break/차기BB 이동/최악좌석 배치,all,ICM / TOURNAMENT,JUDGMENT,fieldsim.Field._balance;fieldsim.Table.worst_open_seat;fieldsim.Table.broken_open_seats,live2.finish;live2._merge_parallel_field,fieldsim.Field._balance;fieldsim.Table.worst_open_seat;fieldsim.Table.broken_open_seats,field players tables,"fieldsim.Field._balance(self, notify=True); fieldsim.Table.worst_open_seat(self); fieldsim.Table.broken_open_seats(self)",seat movements,M/H,reasoning,ACTIVE,YES (direct or upstream),KEEP true field vs legacy stochastic replacement,field_table_balance,fieldsim.py:801; fieldsim.py:414; fieldsim.py:406,IMPLICIT_CODE,fieldsim.Field._balance;fieldsim.Table.worst_open_seat;fieldsim.Table.broken_open_seats
field_context_producer,필드잔여/평균/분포/상금/erosion을 Hand에 전달,all,FACT,JUDGMENT,fieldsim.Field.stamp;context.Context.apply;context.erosion,session.HandRun._run;play.Hand.bf,fieldsim.Field.stamp;context.Context.apply;context.erosion,field state format,"fieldsim.Field.stamp(self, h); context.Context.apply(self, h, strict=False); context.erosion(hands_per_level, blind_mult=1.0, base_growth=1.28)",hand context,M,reasoning,ACTIVE,YES (direct or upstream),KEEP fieldsim blind_mult affects erosion but actual blinds fixed BLINDS,field_context_producer,fieldsim.py:530; context.py:187; context.py:158,IMPLICIT_CODE,fieldsim.Field.stamp;context.Context.apply;context.erosion
parallel_round_isolation,같은 round 시작 snapshot에서 테이블 계산 후 소유자별 병합,all,FACT,JUDGMENT,live2.compute_others_parallel;live2._overlay_parallel_dump;live2._merge_parallel_field,ui.server.ui_server._step;live2.finish,live2.compute_others_parallel;live2._overlay_parallel_dump;live2._merge_parallel_field,base_key table/pid ownership,"live2.compute_others_parallel(field_dump); live2._overlay_parallel_dump(main_dump, base_dump, others); live2._merge_parallel_field(main_field, base_dump, others)",merged field state,M,reasoning,ACTIVE,YES (direct or upstream),KEEP legacy sequential fallback separate,parallel_round_isolation,live2.py:246; live2.py:304; live2.py:340,IMPLICIT_CODE,live2.compute_others_parallel;live2._overlay_parallel_dump;live2._merge_parallel_field
replay_decision_cache,동일seed replay에서 저장 action을 재사용,all,EXECUTION FORM,ACTION,live2.build_hand;live2.step;session.HandRun._run,UI/CLI,live2.build_hand;live2.step;session.HandRun._run,hand_seed actions decisions,"live2.build_hand(st); live2.step(action=None, amount=0, defer_others=False, others=None, on_bot_action=None, on_round_start=None); session.HandRun._run(self)",deterministic next state,M,reasoning,ACTIVE,YES (direct or upstream),KEEP fingerprint must test replay as well as direct path,replay_decision_cache,live2.py:189; live2.py:558; session.py:1294,IMPLICIT_CODE,live2.build_hand;live2.step;session.HandRun._run
legacy_tournament_progress,테이블밖 탈락을 확률로 모사하는 대체 runtime,all,ICM / TOURNAMENT,JUDGMENT,field.Field.step;field.Tables.reconcile;tourney.Tournament.next_hand,tools.regress,field.Field.step;field.Tables.reconcile;tourney.Tournament.next_hand,legacy field state,"field.Field.step(self, level, hands=1, table_seats=8, table_busts=0); field.Tables.reconcile(self, current_seats, stacks, profiles, start_stack, bb, empty_since=None, hand_no=0); tourney.Tournament.next_hand(self)",stochastic field/newcomers,H,reasoning,FALLBACK,conditional / flag,FALLBACK regression does not exercise physical live2 fullfield,legacy_tournament_progress,field.py:81; field.py:143; tourney.py:105,IMPLICIT_CODE,field.Field.step;field.Tables.reconcile;tourney.Tournament.next_hand
telemetry_observation_only,프로필/판단/공개행동/결과/필드변화를 보존,all,FACT,JUDGMENT,telemetry_sync.build_round_bundle;telemetry_sync.emit_round;live2._archive;fieldsim.Field._log_bot_hand,telemetry spool/Git worker,telemetry_sync.build_round_bundle;telemetry_sync.emit_round;live2._archive;fieldsim.Field._log_bot_hand,before after all_hands code identity,"telemetry_sync.build_round_bundle(st, f, hero_hand, bot_hands=None, source='live', round_before=None); telemetry_sync.emit_round(st, f, hero_hand, bot_hands=None, source='live', round_before=None); live2._archive(st, f, h, res, notes, defer=False, run=None); fieldsim.Field._log_bot_hand(self, tb, h, run)",round JSON,M,reasoning,SHADOW,NO,SHADOW no online learner/reasoning feedback,telemetry_observation_only,telemetry_sync.py:242; telemetry_sync.py:286; live2.py:931; fieldsim.py:608,IMPLICIT_CODE,telemetry_sync.build_round_bundle;telemetry_sync.emit_round;live2._archive;fieldsim.Field._log_bot_hand
legacy_betting_range,별도 pct pool에서 value+bluff범위 구성,flop turn river,PERCEPTION,JUDGMENT,bot.betting_range;bot.equity_vs_betting,reference tools,bot.betting_range;bot.equity_vs_betting,basepct street,"bot.betting_range(board, base_pct, bluff_axis, street, dead); bot.equity_vs_betting(hero, board, aggressors, callers, street, sims=600, seed=None)",range/equity,H,reasoning,FALLBACK,conditional / flag,FALLBACK differs from active ranges._bet_range; do not merge silently,legacy_betting_range,bot.py:437; bot.py:454,IMPLICIT_CODE,bot.betting_range;bot.equity_vs_betting
legacy_arch_types,label table로 fallback 능력/오픈/trait 제공,all,KNOWLEDGE,JUDGMENT,archetypes.axes;archetypes.concepts;archetypes.traits;archetypes.open_range,persona.sk;preflop._open;reads.OBSERVER,archetypes.axes;archetypes.concepts;archetypes.traits;archetypes.open_range,type label,archetypes.axes(name); archetypes.concepts(name); archetypes.traits(name); archetypes.open_range(name),fallback profile,H,GTO prior,FALLBACK,conditional / flag,FALLBACK modern concepts path different,legacy_arch_types,archetypes.py:58; archetypes.py:129; archetypes.py:72; archetypes.py:66,IMPLICIT_CODE,archetypes.axes;archetypes.concepts;archetypes.traits;archetypes.open_range
legacy_sidepot_helper,구형 Table의 contribution별 pots,all,CALCULATION,JUDGMENT,table.Table.sidepots,legacy callers,table.Table.sidepots,contribs,"table.Table.sidepots(self, contribs)",pots eligible,M,reasoning,DEAD,NO,DEAD relative live2 path; not canonical settlement,legacy_sidepot_helper,table.py:102,IMPLICIT_CODE,table.Table.sidepots
legacy_icm_overridden,먼저 정의됐으나 뒤 정의에 덮인 field_bf,all,ICM / TOURNAMENT,JUDGMENT,icm.field_bf (overwritten definition at line 209),none,icm.field_bf (overwritten definition at line 209),_PROX _STACK EXACT_MAX_SEATS,"my_stack, avg_stack, remaining, itm, payout_flat=0.0, stacks=None, payouts=None",no runtime binding,H,reasoning,DEAD,NO,DEAD overwrite; remove obsolete definition only after reference check,legacy_icm_overridden,icm.py:209,IMPLICIT_CODE,icm.field_bf (overwritten definition at line 209)
dead_generic_error_rate,숙련도 통합 오류확률 API,all,PERSONALITY / TEMPERAMENT,PLAN,persona.error_rate,none in production,persona.error_rate,profile,persona.error_rate(p),unused error probability,H,reasoning,DEAD,NO,DEAD do not pretend active noise,dead_generic_error_rate,persona.py:327,IMPLICIT_CODE,persona.error_rate
placeholder_gto_adaptation,항상1 반환하는 gto adaptation placeholder,preflop,EXPLOIT / ADAPTATION,JUDGMENT,gto.adapt_mult,persona.open_pct,gto.adapt_mult,memory unused,"gto.adapt_mult(prof, memory=None)",1.0,H,exploit,DEAD,NO,DEAD influence even if called,placeholder_gto_adaptation,gto.py:132,IMPLICIT_CODE,gto.adapt_mult
temperament_aggression,공격 선호,all,PERSONALITY / TEMPERAMENT,PLAN,persona.make_player;persona.temper,persona.bias;persona.read_opponent;dynamics.Tilt.on_pot;plan.make_plan,persona.make_player;persona.temper,profile.temper.aggression,"persona.make_player(rng, field_quality=0.6, pid=None, _depth=0, aggr_bias=0.0, loose_bias=0.0); persona.temper(prof, key, default=5.0)",0..10 temperament,H,reasoning,ACTIVE,YES (direct or upstream),KEEP separate personality from poker knowledge,temperament_aggression,persona.py:224; persona.py:383,EXPLICIT_TEMPERAMENT,persona.make_player;persona.temper
temperament_looseness,참가 폭 선호,all,PERSONALITY / TEMPERAMENT,PLAN,persona.make_player;persona.temper,persona.bias;persona.read_opponent;dynamics.Tilt.on_pot;plan.make_plan,persona.make_player;persona.temper,profile.temper.looseness,"persona.make_player(rng, field_quality=0.6, pid=None, _depth=0, aggr_bias=0.0, loose_bias=0.0); persona.temper(prof, key, default=5.0)",0..10 temperament,H,reasoning,ACTIVE,YES (direct or upstream),KEEP separate personality from poker knowledge,temperament_looseness,persona.py:224; persona.py:383,EXPLICIT_TEMPERAMENT,persona.make_player;persona.temper
temperament_gamble,위험 추구,all,PERSONALITY / TEMPERAMENT,PLAN,persona.make_player;persona.temper,persona.bias;persona.read_opponent;dynamics.Tilt.on_pot;plan.make_plan,persona.make_player;persona.temper,profile.temper.gamble,"persona.make_player(rng, field_quality=0.6, pid=None, _depth=0, aggr_bias=0.0, loose_bias=0.0); persona.temper(prof, key, default=5.0)",0..10 temperament,H,reasoning,ACTIVE,YES (direct or upstream),KEEP separate personality from poker knowledge,temperament_gamble,persona.py:224; persona.py:383,EXPLICIT_TEMPERAMENT,persona.make_player;persona.temper
temperament_discipline,충동 억제,all,PERSONALITY / TEMPERAMENT,PLAN,persona.make_player;persona.temper,persona.bias;persona.read_opponent;dynamics.Tilt.on_pot;plan.make_plan,persona.make_player;persona.temper,profile.temper.discipline,"persona.make_player(rng, field_quality=0.6, pid=None, _depth=0, aggr_bias=0.0, loose_bias=0.0); persona.temper(prof, key, default=5.0)",0..10 temperament,H,reasoning,ACTIVE,YES (direct or upstream),KEEP separate personality from poker knowledge,temperament_discipline,persona.py:224; persona.py:383,EXPLICIT_TEMPERAMENT,persona.make_player;persona.temper
temperament_adaptability,상대 관측 활용 의지,all,PERSONALITY / TEMPERAMENT,PLAN,persona.make_player;persona.temper,persona.bias;persona.read_opponent;dynamics.Tilt.on_pot;plan.make_plan,persona.make_player;persona.temper,profile.temper.adaptability,"persona.make_player(rng, field_quality=0.6, pid=None, _depth=0, aggr_bias=0.0, loose_bias=0.0); persona.temper(prof, key, default=5.0)",0..10 temperament,H,reasoning,ACTIVE,YES (direct or upstream),KEEP separate personality from poker knowledge,temperament_adaptability,persona.py:224; persona.py:383,EXPLICIT_TEMPERAMENT,persona.make_player;persona.temper
temperament_consistency,습관 안정/overconfidence,all,PERSONALITY / TEMPERAMENT,PLAN,persona.make_player;persona.temper,persona.bias;persona.read_opponent;dynamics.Tilt.on_pot;plan.make_plan,persona.make_player;persona.temper,profile.temper.consistency,"persona.make_player(rng, field_quality=0.6, pid=None, _depth=0, aggr_bias=0.0, loose_bias=0.0); persona.temper(prof, key, default=5.0)",0..10 temperament,H,reasoning,ACTIVE,YES (direct or upstream),KEEP separate personality from poker knowledge,temperament_consistency,persona.py:224; persona.py:383,EXPLICIT_TEMPERAMENT,persona.make_player;persona.temper
temperament_attention,관측 정확성,all,PERSONALITY / TEMPERAMENT,PLAN,persona.make_player;persona.temper,persona.bias;persona.read_opponent;dynamics.Tilt.on_pot;plan.make_plan,persona.make_player;persona.temper,profile.temper.attention,"persona.make_player(rng, field_quality=0.6, pid=None, _depth=0, aggr_bias=0.0, loose_bias=0.0); persona.temper(prof, key, default=5.0)",0..10 temperament,H,reasoning,ACTIVE,YES (direct or upstream),KEEP separate personality from poker knowledge,temperament_attention,persona.py:224; persona.py:383,EXPLICIT_TEMPERAMENT,persona.make_player;persona.temper
temperament_slowplay_taste,트랩 취향,all,PERSONALITY / TEMPERAMENT,PLAN,persona.make_player;persona.temper,persona.bias;persona.read_opponent;dynamics.Tilt.on_pot;plan.make_plan,persona.make_player;persona.temper,profile.temper.slowplay_taste,"persona.make_player(rng, field_quality=0.6, pid=None, _depth=0, aggr_bias=0.0, loose_bias=0.0); persona.temper(prof, key, default=5.0)",0..10 temperament,H,reasoning,ACTIVE,YES (direct or upstream),KEEP separate personality from poker knowledge,temperament_slowplay_taste,persona.py:224; persona.py:383,EXPLICIT_TEMPERAMENT,persona.make_player;persona.temper
temperament_tilt_prone,손실 충격 민감도,all,PERSONALITY / TEMPERAMENT,PLAN,persona.make_player;persona.temper,persona.bias;persona.read_opponent;dynamics.Tilt.on_pot;plan.make_plan,persona.make_player;persona.temper,profile.temper.tilt_prone,"persona.make_player(rng, field_quality=0.6, pid=None, _depth=0, aggr_bias=0.0, loose_bias=0.0); persona.temper(prof, key, default=5.0)",0..10 temperament,H,reasoning,ACTIVE,YES (direct or upstream),KEEP separate personality from poker knowledge,temperament_tilt_prone,persona.py:224; persona.py:383,EXPLICIT_TEMPERAMENT,persona.make_player;persona.temper
temperament_tilt_recovery,감정 회복,all,PERSONALITY / TEMPERAMENT,PLAN,persona.make_player;persona.temper,persona.bias;persona.read_opponent;dynamics.Tilt.on_pot;plan.make_plan,persona.make_player;persona.temper,profile.temper.tilt_recovery,"persona.make_player(rng, field_quality=0.6, pid=None, _depth=0, aggr_bias=0.0, loose_bias=0.0); persona.temper(prof, key, default=5.0)",0..10 temperament,H,reasoning,ACTIVE,YES (direct or upstream),KEEP separate personality from poker knowledge,temperament_tilt_recovery,persona.py:224; persona.py:383,EXPLICIT_TEMPERAMENT,persona.make_player;persona.temper
temperament_tilt_swing,tilt 방향/진폭,all,PERSONALITY / TEMPERAMENT,PLAN,persona.make_player;persona.temper,persona.bias;persona.read_opponent;dynamics.Tilt.on_pot;plan.make_plan,persona.make_player;persona.temper,profile.temper.tilt_swing,"persona.make_player(rng, field_quality=0.6, pid=None, _depth=0, aggr_bias=0.0, loose_bias=0.0); persona.temper(prof, key, default=5.0)",0..10 temperament,H,reasoning,ACTIVE,YES (direct or upstream),KEEP separate personality from poker knowledge,temperament_tilt_swing,persona.py:224; persona.py:383,EXPLICIT_TEMPERAMENT,persona.make_player;persona.temper
temperament_tilt_stack,반복 충격 누적,all,PERSONALITY / TEMPERAMENT,PLAN,persona.make_player;persona.temper,persona.bias;persona.read_opponent;dynamics.Tilt.on_pot;plan.make_plan,persona.make_player;persona.temper,profile.temper.tilt_stack,"persona.make_player(rng, field_quality=0.6, pid=None, _depth=0, aggr_bias=0.0, loose_bias=0.0); persona.temper(prof, key, default=5.0)",0..10 temperament,H,reasoning,ACTIVE,YES (direct or upstream),KEEP separate personality from poker knowledge,temperament_tilt_stack,persona.py:224; persona.py:383,EXPLICIT_TEMPERAMENT,persona.make_player;persona.temper
current_board_split_share_shadow,runout 없이 현재 보드의 split-tie 지분; rel(tie=1)과 별도 진단량,flop turn river,CALCULATION,JUDGMENT,plan._eq_current,plan.make_plan;plan.refresh,plan._eq_current,eq_current eq_delta eq_seed opp_ranges sims,"hero, board, opp_range, n_opp, sims=400, seed=None, opp_ranges=None",split-tie share 0..1 or None,M,reasoning,SHADOW,NO,KEEP eq_current diagnostic only; not future equity,current_board_split_share_shadow,plan.py:412,IMPLICIT_CODE,plan._eq_current
future_equity_sampling_provenance,현재 production 미래지분의 pool/표본수/seed 출처,flop turn river,CALCULATION,JUDGMENT,plan._eq_vs,plan.make_plan;plan.refresh;plan.decide_response;plan.river_value_reassessment,plan._eq_vs,eq_current eq_delta eq_seed opp_ranges sims,"hero, board, opp_range, n_opp, sims=400, seed=None, opp_ranges=None",split-tie share 0..1 or None,M,reasoning,ACTIVE,YES,"SPLIT supplied seed ignored; bot.equity_vs_combos derives CRC32, while eq_seed metadata records caller seed",future_equity_sampling_provenance,plan.py:451,IMPLICIT_CODE,plan._eq_vs
