=== start 2026-10-01T20:01:44 uptime 173.40 s ===
72 boards, 72 artifacts present (verified by the solver on reuse), 0 to solve; workers 4 x threads 1; MemAvailable 15.2 GB
{"board": "AcKc8c", "rc": 0, "wall_s": 0.1, "peak_rss_kb_wait4": 11928, "threads": 1, "workers": 4, "time": "2026-10-01T20:01:44", "status": "reused", "iterations": 125, "exploitability_pct_pot": 0.2177663430654425, "converged": true, "invariant_error_bb": 4.629540129030829e-08, "solve_s": 184.622075217}
{"board": "Ac6c5c", "rc": 0, "wall_s": 0.1, "peak_rss_kb_wait4": 11928, "threads": 1, "workers": 4, "time": "2026-10-01T20:01:44", "status": "reused", "iterations": 125, "exploitability_pct_pot": 0.20332143749754636, "converged": true, "invariant_error_bb": -1.097361312929479e-09, "solve_s": 188.495096365}
{"board": "Ac6c4c", "rc": 0, "wall_s": 0.1, "peak_rss_kb_wait4": 11928, "threads": 1, "workers": 4, "time": "2026-10-01T20:01:44", "status": "reused", "iterations": 125, "exploitability_pct_pot": 0.20922969823452217, "converged": true, "invariant_error_bb": 4.500464267920279e-08, "solve_s": 186.826458738}
{"board": "Ac9c6c", "rc": 0, "wall_s": 0.1, "peak_rss_kb_wait4": 11928, "threads": 1, "workers": 4, "time": "2026-10-01T20:01:44", "status": "reused", "iterations": 125, "exploitability_pct_pot": 0.23199481574047304, "converged": true, "invariant_error_bb": 2.3530226656021114e-09, "solve_s": 187.125439865}
{"board": "AcQc4c", "rc": 0, "wall_s": 0.0, "peak_rss_kb_wait4": 12060, "threads": 1, "workers": 4, "time": "2026-10-01T20:01:44", "status": "reused", "iterations": 125, "exploitability_pct_pot": 0.21584567584611766, "converged": true, "invariant_error_bb": -3.2709502661987244e-08, "solve_s": 178.145752616}
{"board": "AcKc7c", "rc": 0, "wall_s": 0.0, "peak_rss_kb_wait4": 12188, "threads": 1, "workers": 4, "time": "2026-10-01T20:01:44", "status": "reused", "iterations": 125, "exploitability_pct_pot": 0.2183036105633196, "converged": true, "invariant_error_bb": 1.2146060157647298e-08, "solve_s": 176.613467582}
{"board": "Tc8c7c", "rc": 0, "wall_s": 0.0, "peak_rss_kb_wait4": 12188, "threads": 1, "workers": 4, "time": "2026-10-01T20:01:44", "status": "reused", "iterations": 100, "exploitability_pct_pot": 0.2844347193203651, "converged": true, "invariant_error_bb": -1.4466614572938852e-08, "solve_s": 142.311366715}
{"board": "Tc3c2c", "rc": 0, "wall_s": 0.0, "peak_rss_kb_wait4": 12188, "threads": 1, "workers": 4, "time": "2026-10-01T20:01:44", "status": "reused", "iterations": 125, "exploitability_pct_pot": 0.22445077190582594, "converged": true, "invariant_error_bb": 7.641828503324177e-09, "solve_s": 175.237543073}
{"board": "Tc7c6c", "rc": 0, "wall_s": 0.0, "peak_rss_kb_wait4": 12188, "threads": 1, "workers": 4, "time": "2026-10-01T20:01:44", "status": "reused", "iterations": 100, "exploitability_pct_pot": 0.2958666810144989, "converged": true, "invariant_error_bb": -1.626578161051384e-08, "solve_s": 145.668912741}
{"board": "Jc8c7c", "rc": 0, "wall_s": 0.0, "peak_rss_kb_wait4": 12188, "threads": 1, "workers": 4, "time": "2026-10-01T20:01:44", "status": "reused", "iterations": 125, "exploitability_pct_pot": 0.20976407664576174, "converged": true, "invariant_error_bb": 2.6054198798419748e-09, "solve_s": 181.494142467}
{"board": "8c7c2c", "rc": 0, "wall_s": 0.0, "peak_rss_kb_wait4": 12188, "threads": 1, "workers": 4, "time": "2026-10-01T20:01:44", "status": "reused", "iterations": 125, "exploitability_pct_pot": 0.20425231820644188, "converged": true, "invariant_error_bb": -6.362400384318789e-09, "solve_s": 180.826538157}
{"board": "KcTc4c", "rc": 0, "wall_s": 0.0, "peak_rss_kb_wait4": 12188, "threads": 1, "workers": 4, "time": "2026-10-01T20:01:44", "status": "reused", "iterations": 125, "exploitability_pct_pot": 0.2177983697305555, "converged": true, "invariant_error_bb": 1.7515423778036165e-08, "solve_s": 185.309283318}
{"board": "Qc4c2c", "rc": 0, "wall_s": 0.0, "peak_rss_kb_wait4": 12188, "threads": 1, "workers": 4, "time": "2026-10-01T20:01:44", "status": "reused", "iterations": 125, "exploitability_pct_pot": 0.2176446473876418, "converged": true, "invariant_error_bb": -6.611533898137623e-08, "solve_s": 182.762498802}
{"board": "QcJc9c", "rc": 0, "wall_s": 0.0, "peak_rss_kb_wait4": 12188, "threads": 1, "workers": 4, "time": "2026-10-01T20:01:44", "status": "reused", "iterations": 125, "exploitability_pct_pot": 0.20775417778519564, "converged": true, "invariant_error_bb": -2.2924171005911376e-08, "solve_s": 186.017463417}
{"board": "Jc9c4c", "rc": 0, "wall_s": 0.0, "peak_rss_kb_wait4": 12188, "threads": 1, "workers": 4, "time": "2026-10-01T20:01:44", "status": "reused", "iterations": 125, "exploitability_pct_pot": 0.20800532130041452, "converged": true, "invariant_error_bb": 9.760642072365044e-09, "solve_s": 182.29906896}
{"board": "Qc9c2c", "rc": 0, "wall_s": 0.0, "peak_rss_kb_wait4": 12188, "threads": 1, "workers": 4, "time": "2026-10-01T20:01:44", "status": "reused", "iterations": 125, "exploitability_pct_pot": 0.2160557498027245, "converged": true, "invariant_error_bb": 3.435626805270431e-08, "solve_s": 173.308923884}
{"board": "QcJc3c", "rc": 0, "wall_s": 0.0, "peak_rss_kb_wait4": 12188, "threads": 1, "workers": 4, "time": "2026-10-01T20:01:44", "status": "reused", "iterations": 125, "exploitability_pct_pot": 0.207775786593474, "converged": true, "invariant_error_bb": -3.376724411197074e-08, "solve_s": 171.627834033}
{"board": "Ac4h4d", "rc": 0, "wall_s": 0.0, "peak_rss_kb_wait4": 12188, "threads": 1, "workers": 4, "time": "2026-10-01T20:01:44", "status": "reused", "iterations": 125, "exploitability_pct_pot": 0.26506319530206024, "converged": true, "invariant_error_bb": 4.036995804312937e-08, "solve_s": 574.58196957}
{"board": "KcJc7c", "rc": 0, "wall_s": 0.0, "peak_rss_kb_wait4": 12188, "threads": 1, "workers": 4, "time": "2026-10-01T20:01:44", "status": "reused", "iterations": 125, "exploitability_pct_pot": 0.2061257978470852, "converged": true, "invariant_error_bb": 2.486169492499357e-09, "solve_s": 183.907614815}
{"board": "Ac2d2c", "rc": 0, "wall_s": 0.0, "peak_rss_kb_wait4": 12188, "threads": 1, "workers": 4, "time": "2026-10-01T20:01:44", "status": "reused", "iterations": 125, "exploitability_pct_pot": 0.24101469357843638, "converged": true, "invariant_error_bb": 1.6878127340191895e-08, "solve_s": 351.125164686}
{"board": "Ac8d8c", "rc": 0, "wall_s": 0.0, "peak_rss_kb_wait4": 12188, "threads": 1, "workers": 4, "time": "2026-10-01T20:01:44", "status": "reused", "iterations": 125, "exploitability_pct_pot": 0.2500555698073179, "converged": true, "invariant_error_bb": -3.9657539474546866e-09, "solve_s": 349.951127604}
{"board": "Ac6d6c", "rc": 0, "wall_s": 0.0, "peak_rss_kb_wait4": 12188, "threads": 1, "workers": 4, "time": "2026-10-01T20:01:44", "status": "reused", "iterations": 125, "exploitability_pct_pot": 0.22587398370724765, "converged": true, "invariant_error_bb": -4.415719878636537e-08, "solve_s": 345.054761646}
{"board": "AdAcJh", "rc": 0, "wall_s": 0.0, "peak_rss_kb_wait4": 12188, "threads": 1, "workers": 4, "time": "2026-10-01T20:01:44", "status": "reused", "iterations": 100, "exploitability_pct_pot": 0.2545446443448609, "converged": true, "invariant_error_bb": 2.689834310842798e-08, "solve_s": 463.35463162}
{"board": "AdAc5c", "rc": 0, "wall_s": 0.0, "peak_rss_kb_wait4": 12188, "threads": 1, "workers": 4, "time": "2026-10-01T20:01:44", "status": "reused", "iterations": 100, "exploitability_pct_pot": 0.23648268204218373, "converged": true, "invariant_error_bb": -5.8946145742311273e-08, "solve_s": 289.230096705}
{"board": "5d5c4c", "rc": 0, "wall_s": 0.0, "peak_rss_kb_wait4": 12188, "threads": 1, "workers": 4, "time": "2026-10-01T20:01:44", "status": "reused", "iterations": 125, "exploitability_pct_pot": 0.25073618621009713, "converged": true, "invariant_error_bb": -3.261181014124759e-08, "solve_s": 357.18554799}
{"board": "5c2h2d", "rc": 0, "wall_s": 0.0, "peak_rss_kb_wait4": 12188, "threads": 1, "workers": 4, "time": "2026-10-01T20:01:44", "status": "reused", "iterations": 125, "exploitability_pct_pot": 0.24735883467016292, "converged": true, "invariant_error_bb": -6.043945788292149e-09, "solve_s": 582.752077399}
{"board": "Tc8h8d", "rc": 0, "wall_s": 0.0, "peak_rss_kb_wait4": 12188, "threads": 1, "workers": 4, "time": "2026-10-01T20:01:44", "status": "reused", "iterations": 125, "exploitability_pct_pot": 0.2581686140499926, "converged": true, "invariant_error_bb": -1.9174368759422578e-08, "solve_s": 581.727652807}
{"board": "JdJc4c", "rc": 0, "wall_s": 0.0, "peak_rss_kb_wait4": 12188, "threads": 1, "workers": 4, "time": "2026-10-01T20:01:44", "status": "reused", "iterations": 100, "exploitability_pct_pot": 0.27711294478002196, "converged": true, "invariant_error_bb": 3.455893615722516e-08, "solve_s": 286.321157305}
{"board": "6c3d3c", "rc": 0, "wall_s": 0.0, "peak_rss_kb_wait4": 12188, "threads": 1, "workers": 4, "time": "2026-10-01T20:01:44", "status": "reused", "iterations": 125, "exploitability_pct_pot": 0.23211892981149, "converged": true, "invariant_error_bb": -4.211649873298029e-08, "solve_s": 353.883012206}
{"board": "8d8c7c", "rc": 0, "wall_s": 0.0, "peak_rss_kb_wait4": 12188, "threads": 1, "workers": 4, "time": "2026-10-01T20:01:44", "status": "reused", "iterations": 100, "exploitability_pct_pot": 0.2980109478053045, "converged": true, "invariant_error_bb": 4.272694198448335e-09, "solve_s": 285.888892245}
{"board": "QdQc2c", "rc": 0, "wall_s": 0.0, "peak_rss_kb_wait4": 12188, "threads": 1, "workers": 4, "time": "2026-10-01T20:01:44", "status": "reused", "iterations": 125, "exploitability_pct_pot": 0.20450128567418382, "converged": true, "invariant_error_bb": 5.827711646588796e-10, "solve_s": 353.367843768}
{"board": "QdQc5h", "rc": 0, "wall_s": 0.0, "peak_rss_kb_wait4": 12188, "threads": 1, "workers": 4, "time": "2026-10-01T20:01:44", "status": "reused", "iterations": 100, "exploitability_pct_pot": 0.2966646354090177, "converged": true, "invariant_error_bb": 2.2857506998263943e-08, "solve_s": 466.39408428}
{"board": "Kc7d7c", "rc": 0, "wall_s": 0.0, "peak_rss_kb_wait4": 12188, "threads": 1, "workers": 4, "time": "2026-10-01T20:01:44", "status": "reused", "iterations": 125, "exploitability_pct_pot": 0.2664976694575156, "converged": true, "invariant_error_bb": -1.950205685830042e-08, "solve_s": 353.225746417}
{"board": "QcJdJc", "rc": 0, "wall_s": 0.0, "peak_rss_kb_wait4": 12188, "threads": 1, "workers": 4, "time": "2026-10-01T20:01:44", "status": "reused", "iterations": 125, "exploitability_pct_pot": 0.24099952909120148, "converged": true, "invariant_error_bb": 1.4643608103881434e-08, "solve_s": 360.657049526}
{"board": "KdKc5h", "rc": 0, "wall_s": 0.0, "peak_rss_kb_wait4": 12188, "threads": 1, "workers": 4, "time": "2026-10-01T20:01:44", "status": "reused", "iterations": 100, "exploitability_pct_pot": 0.24332821694968235, "converged": true, "invariant_error_bb": 1.0126404603738592e-08, "solve_s": 464.550498026}
{"board": "QdQc8h", "rc": 0, "wall_s": 0.0, "peak_rss_kb_wait4": 12188, "threads": 1, "workers": 4, "time": "2026-10-01T20:01:44", "status": "reused", "iterations": 125, "exploitability_pct_pot": 0.24628668904637338, "converged": true, "invariant_error_bb": 1.628902968064949e-08, "solve_s": 580.340145285}
{"board": "Ac7d6h", "rc": 0, "wall_s": 0.0, "peak_rss_kb_wait4": 12188, "threads": 1, "workers": 4, "time": "2026-10-01T20:01:44", "status": "reused", "iterations": 100, "exploitability_pct_pot": 0.23217312964326406, "converged": true, "invariant_error_bb": -2.8114069294815636e-08, "solve_s": 466.0117512769999}
{"board": "AcKd3h", "rc": 0, "wall_s": 0.0, "peak_rss_kb_wait4": 12188, "threads": 1, "workers": 4, "time": "2026-10-01T20:01:44", "status": "reused", "iterations": 100, "exploitability_pct_pot": 0.288798067204187, "converged": true, "invariant_error_bb": -1.1716995373944883e-08, "solve_s": 464.787551267}
{"board": "Ac8d2h", "rc": 0, "wall_s": 0.0, "peak_rss_kb_wait4": 12188, "threads": 1, "workers": 4, "time": "2026-10-01T20:01:44", "status": "reused", "iterations": 100, "exploitability_pct_pot": 0.2566407301250009, "converged": true, "invariant_error_bb": -1.1367227159553295e-09, "solve_s": 468.962343886}
{"board": "AcQd9h", "rc": 0, "wall_s": 0.0, "peak_rss_kb_wait4": 12188, "threads": 1, "workers": 4, "time": "2026-10-01T20:01:44", "status": "reused", "iterations": 100, "exploitability_pct_pot": 0.2967133781633916, "converged": true, "invariant_error_bb": -2.9766296094635436e-09, "solve_s": 467.838498691}
{"board": "AcKdJh", "rc": 0, "wall_s": 0.0, "peak_rss_kb_wait4": 12188, "threads": 1, "workers": 4, "time": "2026-10-01T20:01:44", "status": "reused", "iterations": 125, "exploitability_pct_pot": 0.28283444174446815, "converged": true, "invariant_error_bb": 7.079810515620011e-09, "solve_s": 579.844767086}
{"board": "9c5d4h", "rc": 0, "wall_s": 0.0, "peak_rss_kb_wait4": 12188, "threads": 1, "workers": 4, "time": "2026-10-01T20:01:44", "status": "reused", "iterations": 100, "exploitability_pct_pot": 0.29547110876376287, "converged": true, "invariant_error_bb": 3.5423894928499067e-09, "solve_s": 469.999360948}
{"board": "4c3d2h", "rc": 0, "wall_s": 0.0, "peak_rss_kb_wait4": 12188, "threads": 1, "workers": 4, "time": "2026-10-01T20:01:44", "status": "reused", "iterations": 100, "exploitability_pct_pot": 0.2871581415907867, "converged": true, "invariant_error_bb": -8.324649414248597e-09, "solve_s": 453.761041093}
{"board": "8c6d5h", "rc": 0, "wall_s": 0.0, "peak_rss_kb_wait4": 12188, "threads": 1, "workers": 4, "time": "2026-10-01T20:01:44", "status": "reused", "iterations": 100, "exploitability_pct_pot": 0.27030683046014614, "converged": true, "invariant_error_bb": -2.1827551321962346e-08, "solve_s": 461.214501571}
{"board": "Jc9d3h", "rc": 0, "wall_s": 0.0, "peak_rss_kb_wait4": 12188, "threads": 1, "workers": 4, "time": "2026-10-01T20:01:44", "status": "reused", "iterations": 100, "exploitability_pct_pot": 0.28059121957892535, "converged": true, "invariant_error_bb": -2.0990905902351642e-08, "solve_s": 469.754072382}
{"board": "Jc4d3h", "rc": 0, "wall_s": 0.0, "peak_rss_kb_wait4": 12188, "threads": 1, "workers": 4, "time": "2026-10-01T20:01:44", "status": "reused", "iterations": 100, "exploitability_pct_pot": 0.2810174030661411, "converged": true, "invariant_error_bb": -2.002837007353264e-09, "solve_s": 456.697891652}
{"board": "6c4d3h", "rc": 0, "wall_s": 0.0, "peak_rss_kb_wait4": 12188, "threads": 1, "workers": 4, "time": "2026-10-01T20:01:44", "status": "reused", "iterations": 100, "exploitability_pct_pot": 0.27296183975161503, "converged": true, "invariant_error_bb": -2.3888071076783035e-08, "solve_s": 458.039446033}
{"board": "Kc7d3h", "rc": 0, "wall_s": 0.0, "peak_rss_kb_wait4": 12188, "threads": 1, "workers": 4, "time": "2026-10-01T20:01:44", "status": "reused", "iterations": 100, "exploitability_pct_pot": 0.2954353565130569, "converged": true, "invariant_error_bb": -7.03873137553046e-09, "solve_s": 464.165803045}
{"board": "Kc6d4h", "rc": 0, "wall_s": 0.0, "peak_rss_kb_wait4": 12188, "threads": 1, "workers": 4, "time": "2026-10-01T20:01:44", "status": "reused", "iterations": 100, "exploitability_pct_pot": 0.24854728621271313, "converged": true, "invariant_error_bb": -2.3988091513160725e-09, "solve_s": 468.877398366}
{"board": "Qc9d4h", "rc": 0, "wall_s": 0.0, "peak_rss_kb_wait4": 12188, "threads": 1, "workers": 4, "time": "2026-10-01T20:01:44", "status": "reused", "iterations": 125, "exploitability_pct_pot": 0.21336779833242905, "converged": true, "invariant_error_bb": 8.414039243120897e-09, "solve_s": 576.627809018}
{"board": "KcQd7h", "rc": 0, "wall_s": 0.0, "peak_rss_kb_wait4": 12188, "threads": 1, "workers": 4, "time": "2026-10-01T20:01:44", "status": "reused", "iterations": 100, "exploitability_pct_pot": 0.28166980923583496, "converged": true, "invariant_error_bb": -1.2416897732236976e-08, "solve_s": 460.956991017}
{"board": "QcTd7h", "rc": 0, "wall_s": 0.0, "peak_rss_kb_wait4": 12188, "threads": 1, "workers": 4, "time": "2026-10-01T20:01:44", "status": "reused", "iterations": 100, "exploitability_pct_pot": 0.28708712610440634, "converged": true, "invariant_error_bb": -3.781706769956372e-08, "solve_s": 462.465603563}
{"board": "Kc8d6h", "rc": 0, "wall_s": 0.0, "peak_rss_kb_wait4": 12188, "threads": 1, "workers": 4, "time": "2026-10-01T20:01:44", "status": "reused", "iterations": 100, "exploitability_pct_pot": 0.2569737154236251, "converged": true, "invariant_error_bb": -1.349481237866712e-08, "solve_s": 458.169030209}
{"board": "Ac8d5c", "rc": 0, "wall_s": 0.0, "peak_rss_kb_wait4": 12188, "threads": 1, "workers": 4, "time": "2026-10-01T20:01:44", "status": "reused", "iterations": 100, "exploitability_pct_pot": 0.23505136372709937, "converged": true, "invariant_error_bb": 2.4490502070761977e-08, "solve_s": 284.385469115}
{"board": "Ac9d7d", "rc": 0, "wall_s": 0.0, "peak_rss_kb_wait4": 12188, "threads": 1, "workers": 4, "time": "2026-10-01T20:01:44", "status": "reused", "iterations": 100, "exploitability_pct_pot": 0.2318193744548669, "converged": true, "invariant_error_bb": 9.739467010660974e-09, "solve_s": 286.501697986}
{"board": "AcQdJd", "rc": 0, "wall_s": 0.0, "peak_rss_kb_wait4": 12188, "threads": 1, "workers": 4, "time": "2026-10-01T20:01:44", "status": "reused", "iterations": 125, "exploitability_pct_pot": 0.2523207341614847, "converged": true, "invariant_error_bb": -6.290534315667173e-09, "solve_s": 360.182322113}
{"board": "Ac7c6d", "rc": 0, "wall_s": 0.0, "peak_rss_kb_wait4": 12188, "threads": 1, "workers": 4, "time": "2026-10-01T20:01:44", "status": "reused", "iterations": 100, "exploitability_pct_pot": 0.23452834566240477, "converged": true, "invariant_error_bb": -2.7522233381205297e-09, "solve_s": 287.344117923}
{"board": "AcKd4d", "rc": 0, "wall_s": 0.0, "peak_rss_kb_wait4": 12188, "threads": 1, "workers": 4, "time": "2026-10-01T20:01:44", "status": "reused", "iterations": 125, "exploitability_pct_pot": 0.2378812399377909, "converged": true, "invariant_error_bb": 6.527759666141719e-09, "solve_s": 361.999748022}
{"board": "AcTc2d", "rc": 0, "wall_s": 0.0, "peak_rss_kb_wait4": 12188, "threads": 1, "workers": 4, "time": "2026-10-01T20:01:44", "status": "reused", "iterations": 100, "exploitability_pct_pot": 0.24678564292404115, "converged": true, "invariant_error_bb": 5.507645894908819e-09, "solve_s": 289.160066011}
{"board": "Tc9c2d", "rc": 0, "wall_s": 0.0, "peak_rss_kb_wait4": 12188, "threads": 1, "workers": 4, "time": "2026-10-01T20:01:44", "status": "reused", "iterations": 100, "exploitability_pct_pot": 0.25069331892992686, "converged": true, "invariant_error_bb": -1.1298381785707079e-08, "solve_s": 291.837635029}
{"board": "6c5d2c", "rc": 0, "wall_s": 0.0, "peak_rss_kb_wait4": 12188, "threads": 1, "workers": 4, "time": "2026-10-01T20:01:44", "status": "reused", "iterations": 100, "exploitability_pct_pot": 0.2636502566202049, "converged": true, "invariant_error_bb": -1.2327721066185404e-08, "solve_s": 287.028752555}
{"board": "7c3d2d", "rc": 0, "wall_s": 0.0, "peak_rss_kb_wait4": 12188, "threads": 1, "workers": 4, "time": "2026-10-01T20:01:44", "status": "reused", "iterations": 100, "exploitability_pct_pot": 0.28501033721441416, "converged": true, "invariant_error_bb": 1.8362573683816663e-08, "solve_s": 288.004799798}
{"board": "Ac8d5h", "rc": 0, "wall_s": 0.1, "peak_rss_kb_wait4": 12188, "threads": 1, "workers": 4, "time": "2026-10-01T20:01:44", "status": "reused", "iterations": 100, "exploitability_pct_pot": 0.2532989526219859, "converged": true, "invariant_error_bb": -2.136810373087883e-08, "solve_s": 463.629011248}
{"board": "JcTd3c", "rc": 0, "wall_s": 0.0, "peak_rss_kb_wait4": 12188, "threads": 1, "workers": 4, "time": "2026-10-01T20:01:44", "status": "reused", "iterations": 100, "exploitability_pct_pot": 0.2429135128122877, "converged": true, "invariant_error_bb": -2.656727282612792e-08, "solve_s": 286.554067433}
{"board": "JcTd6d", "rc": 0, "wall_s": 0.0, "peak_rss_kb_wait4": 12188, "threads": 1, "workers": 4, "time": "2026-10-01T20:01:44", "status": "reused", "iterations": 100, "exploitability_pct_pot": 0.24269434480142377, "converged": true, "invariant_error_bb": -1.9555038477392372e-08, "solve_s": 288.387806821}
{"board": "Qc6c2d", "rc": 0, "wall_s": 0.0, "peak_rss_kb_wait4": 12188, "threads": 1, "workers": 4, "time": "2026-10-01T20:01:44", "status": "reused", "iterations": 100, "exploitability_pct_pot": 0.29687045498720305, "converged": true, "invariant_error_bb": -1.852927056233966e-08, "solve_s": 290.910528913}
{"board": "Tc6d4d", "rc": 0, "wall_s": 0.0, "peak_rss_kb_wait4": 12188, "threads": 1, "workers": 4, "time": "2026-10-01T20:01:44", "status": "reused", "iterations": 100, "exploitability_pct_pot": 0.26622555336398934, "converged": true, "invariant_error_bb": 5.398193891892333e-09, "solve_s": 282.344931376}
{"board": "Qc9d4d", "rc": 0, "wall_s": 0.0, "peak_rss_kb_wait4": 12188, "threads": 1, "workers": 4, "time": "2026-10-01T20:01:44", "status": "reused", "iterations": 100, "exploitability_pct_pot": 0.287308559861262, "converged": true, "invariant_error_bb": 2.675833776777381e-09, "solve_s": 293.603063086}
{"board": "Kc6c4d", "rc": 0, "wall_s": 0.0, "peak_rss_kb_wait4": 12188, "threads": 1, "workers": 4, "time": "2026-10-01T20:01:44", "status": "reused", "iterations": 100, "exploitability_pct_pot": 0.2576291173146681, "converged": true, "invariant_error_bb": -3.1011477830134027e-09, "solve_s": 297.150375952}
{"board": "KcQdTd", "rc": 0, "wall_s": 0.0, "peak_rss_kb_wait4": 12188, "threads": 1, "workers": 4, "time": "2026-10-01T20:01:44", "status": "reused", "iterations": 125, "exploitability_pct_pot": 0.28619812740859896, "converged": true, "invariant_error_bb": -1.2223850376358314e-08, "solve_s": 369.282329948}
{"board": "KcTc8d", "rc": 0, "wall_s": 0.0, "peak_rss_kb_wait4": 12188, "threads": 1, "workers": 4, "time": "2026-10-01T20:01:44", "status": "reused", "iterations": 100, "exploitability_pct_pot": 0.2583778925329313, "converged": true, "invariant_error_bb": 2.971759727188328e-09, "solve_s": 294.58244266300005}
{"board": "Kc5d3c", "rc": 0, "wall_s": 0.0, "peak_rss_kb_wait4": 12188, "threads": 1, "workers": 4, "time": "2026-10-01T20:01:44", "status": "reused", "iterations": 100, "exploitability_pct_pot": 0.28735117887725237, "converged": true, "invariant_error_bb": -1.6160774052309534e-08, "solve_s": 291.296967055}
finished in 0.0 min; failed: []
72 boards, 21 artifacts present (verified by the solver on reuse), 51 to solve; workers 4 x threads 1; MemAvailable 15.2 GB
{"board": "AcKc8c", "rc": 0, "wall_s": 0.0, "peak_rss_kb_wait4": 11796, "threads": 1, "workers": 4, "time": "2026-10-01T20:01:44", "status": "reused", "iterations": 125, "exploitability_pct_pot": 0.23955565844089108, "converged": true, "invariant_error_bb": 1.215914657848316e-08, "solve_s": 175.970194045}
{"board": "Ac6c5c", "rc": 0, "wall_s": 0.0, "peak_rss_kb_wait4": 11796, "threads": 1, "workers": 4, "time": "2026-10-01T20:01:44", "status": "reused", "iterations": 175, "exploitability_pct_pot": 0.21910732163871685, "converged": true, "invariant_error_bb": -2.6423553123322563e-08, "solve_s": 244.078629097}
{"board": "Ac6c4c", "rc": 0, "wall_s": 0.0, "peak_rss_kb_wait4": 11796, "threads": 1, "workers": 4, "time": "2026-10-01T20:01:44", "status": "reused", "iterations": 125, "exploitability_pct_pot": 0.2819862683744113, "converged": true, "invariant_error_bb": -9.705312109531405e-10, "solve_s": 175.995564156}
{"board": "Ac9c6c", "rc": 0, "wall_s": 0.0, "peak_rss_kb_wait4": 11796, "threads": 1, "workers": 4, "time": "2026-10-01T20:01:44", "status": "reused", "iterations": 125, "exploitability_pct_pot": 0.2656329537930087, "converged": true, "invariant_error_bb": -4.633297301381845e-09, "solve_s": 177.787613977}
{"board": "AcQc4c", "rc": 0, "wall_s": 0.0, "peak_rss_kb_wait4": 11976, "threads": 1, "workers": 4, "time": "2026-10-01T20:01:44", "status": "reused", "iterations": 125, "exploitability_pct_pot": 0.235601018958191, "converged": true, "invariant_error_bb": -4.9798854817595384e-08, "solve_s": 170.50264321}
{"board": "AcKc7c", "rc": 0, "wall_s": 0.0, "peak_rss_kb_wait4": 11976, "threads": 1, "workers": 4, "time": "2026-10-01T20:01:44", "status": "reused", "iterations": 125, "exploitability_pct_pot": 0.24145292431700938, "converged": true, "invariant_error_bb": -2.91428827736695e-08, "solve_s": 173.178020973}
{"board": "Tc8c7c", "rc": 0, "wall_s": 0.0, "peak_rss_kb_wait4": 12104, "threads": 1, "workers": 4, "time": "2026-10-01T20:01:44", "status": "reused", "iterations": 125, "exploitability_pct_pot": 0.24230735166059378, "converged": true, "invariant_error_bb": -5.028197946899127e-08, "solve_s": 175.056406022}
{"board": "Tc3c2c", "rc": 0, "wall_s": 0.0, "peak_rss_kb_wait4": 12104, "threads": 1, "workers": 4, "time": "2026-10-01T20:01:44", "status": "reused", "iterations": 125, "exploitability_pct_pot": 0.27825282036088733, "converged": true, "invariant_error_bb": 3.622684729975845e-08, "solve_s": 172.535981369}
{"board": "8c7c2c", "rc": 0, "wall_s": 0.0, "peak_rss_kb_wait4": 12104, "threads": 1, "workers": 4, "time": "2026-10-01T20:01:44", "status": "reused", "iterations": 125, "exploitability_pct_pot": 0.2492164146089972, "converged": true, "invariant_error_bb": -9.6055750020696e-09, "solve_s": 181.752154584}
{"board": "Tc7c6c", "rc": 0, "wall_s": 0.0, "peak_rss_kb_wait4": 12104, "threads": 1, "workers": 4, "time": "2026-10-01T20:01:44", "status": "reused", "iterations": 125, "exploitability_pct_pot": 0.2623237028846764, "converged": true, "invariant_error_bb": 4.292379784942568e-08, "solve_s": 182.527249856}
{"board": "Jc8c7c", "rc": 0, "wall_s": 0.0, "peak_rss_kb_wait4": 12104, "threads": 1, "workers": 4, "time": "2026-10-01T20:01:44", "status": "reused", "iterations": 125, "exploitability_pct_pot": 0.23538016591960853, "converged": true, "invariant_error_bb": -1.5444193479652313e-08, "solve_s": 184.136403157}
{"board": "Jc9c4c", "rc": 0, "wall_s": 0.0, "peak_rss_kb_wait4": 12104, "threads": 1, "workers": 4, "time": "2026-10-01T20:01:44", "status": "reused", "iterations": 125, "exploitability_pct_pot": 0.21692180208926795, "converged": true, "invariant_error_bb": -3.9670362106392076e-08, "solve_s": 185.683240853}
{"board": "Qc4c2c", "rc": 0, "wall_s": 0.0, "peak_rss_kb_wait4": 12104, "threads": 1, "workers": 4, "time": "2026-10-01T20:01:44", "status": "reused", "iterations": 150, "exploitability_pct_pot": 0.24736137059711308, "converged": true, "invariant_error_bb": 4.137657327873967e-09, "solve_s": 218.283888088}
{"board": "KcTc4c", "rc": 0, "wall_s": 0.0, "peak_rss_kb_wait4": 12104, "threads": 1, "workers": 4, "time": "2026-10-01T20:01:44", "status": "reused", "iterations": 125, "exploitability_pct_pot": 0.2617197104580123, "converged": true, "invariant_error_bb": 2.6016463650080368e-08, "solve_s": 185.645165282}
{"board": "KcJc7c", "rc": 0, "wall_s": 0.0, "peak_rss_kb_wait4": 12104, "threads": 1, "workers": 4, "time": "2026-10-01T20:01:44", "status": "reused", "iterations": 125, "exploitability_pct_pot": 0.21990656362247799, "converged": true, "invariant_error_bb": -1.082913403394059e-08, "solve_s": 183.412923144}
{"board": "QcJc9c", "rc": 0, "wall_s": 0.0, "peak_rss_kb_wait4": 12104, "threads": 1, "workers": 4, "time": "2026-10-01T20:01:44", "status": "reused", "iterations": 125, "exploitability_pct_pot": 0.18659067154625156, "converged": true, "invariant_error_bb": 1.4886095911492703e-08, "solve_s": 177.807713211}
{"board": "Qc9c2c", "rc": 0, "wall_s": 0.0, "peak_rss_kb_wait4": 12104, "threads": 1, "workers": 4, "time": "2026-10-01T20:01:44", "status": "reused", "iterations": 125, "exploitability_pct_pot": 0.2308598494330072, "converged": true, "invariant_error_bb": -3.6620184218350005e-08, "solve_s": 178.575358839}
{"board": "QcJc3c", "rc": 0, "wall_s": 0.0, "peak_rss_kb_wait4": 12104, "threads": 1, "workers": 4, "time": "2026-10-01T20:01:44", "status": "reused", "iterations": 125, "exploitability_pct_pot": 0.24825878180870686, "converged": true, "invariant_error_bb": 1.8620099240251875e-08, "solve_s": 177.699593403}
{"board": "AdAc5c", "rc": 0, "wall_s": 0.0, "peak_rss_kb_wait4": 12104, "threads": 1, "workers": 4, "time": "2026-10-01T20:01:44", "status": "reused", "iterations": 125, "exploitability_pct_pot": 0.24043845772342923, "converged": true, "invariant_error_bb": -3.61263330361794e-08, "solve_s": 382.28761392}
{"board": "Ac2d2c", "rc": 0, "wall_s": 0.0, "peak_rss_kb_wait4": 12104, "threads": 1, "workers": 4, "time": "2026-10-01T20:01:44", "status": "reused", "iterations": 150, "exploitability_pct_pot": 0.2416004602243338, "converged": true, "invariant_error_bb": -1.1294636337311204e-08, "solve_s": 455.752774478}
{"board": "Ac8d8c", "rc": 0, "wall_s": 0.0, "peak_rss_kb_wait4": 12104, "threads": 1, "workers": 4, "time": "2026-10-01T20:01:44", "status": "reused", "iterations": 125, "exploitability_pct_pot": 0.2644154789242807, "converged": true, "invariant_error_bb": 4.974975098548384e-09, "solve_s": 384.887984898}
{"board": "5d5c4c", "rc": 0, "wall_s": 373.3, "peak_rss_kb_wait4": 2169560, "threads": 1, "workers": 4, "time": "2026-10-01T20:07:58", "status": "solved", "iterations": 125, "exploitability_pct_pot": 0.2293092176442307, "converged": true, "invariant_error_bb": 1.487979695014019e-08, "solve_s": 365.413091299}
{"board": "Ac6d6c", "rc": 0, "wall_s": 498.2, "peak_rss_kb_wait4": 2169388, "threads": 1, "workers": 4, "time": "2026-10-01T20:10:03", "status": "solved", "iterations": 150, "exploitability_pct_pot": 0.22753391778176468, "converged": true, "invariant_error_bb": -1.5001220710075813e-08, "solve_s": 489.577872156}
{"board": "AdAcJh", "rc": 0, "wall_s": 654.8, "peak_rss_kb_wait4": 2171880, "threads": 1, "workers": 4, "time": "2026-10-01T20:12:39", "status": "solved", "iterations": 125, "exploitability_pct_pot": 0.2315264813325638, "converged": true, "invariant_error_bb": -1.5227969107911576e-08, "solve_s": 645.757476965}
{"board": "Ac4h4d", "rc": 0, "wall_s": 878.8, "peak_rss_kb_wait4": 2173760, "threads": 1, "workers": 4, "time": "2026-10-01T20:16:23", "status": "solved", "iterations": 175, "exploitability_pct_pot": 0.2572338155102534, "converged": true, "invariant_error_bb": -5.3565861080073773e-08, "solve_s": 869.248319712}
a driver is already running
a driver is already running:   558 /bin/sh tools/gto_hu_continuation/run_a4b_a4r.sh
=== start 2026-10-01T20:22:50 uptime 227.48 s ===
72 boards, 72 artifacts present (verified by the solver on reuse), 0 to solve; workers 4 x threads 1; MemAvailable 15.2 GB
{"board": "Ac6c4c", "rc": 0, "wall_s": 0.0, "peak_rss_kb_wait4": 12032, "threads": 1, "workers": 4, "time": "2026-10-01T20:22:50", "status": "reused", "iterations": 125, "exploitability_pct_pot": 0.20922969823452217, "converged": true, "invariant_error_bb": 4.500464267920279e-08, "solve_s": 186.826458738}
{"board": "Ac6c5c", "rc": 0, "wall_s": 0.0, "peak_rss_kb_wait4": 12032, "threads": 1, "workers": 4, "time": "2026-10-01T20:22:50", "status": "reused", "iterations": 125, "exploitability_pct_pot": 0.20332143749754636, "converged": true, "invariant_error_bb": -1.097361312929479e-09, "solve_s": 188.495096365}
{"board": "AcKc8c", "rc": 0, "wall_s": 0.0, "peak_rss_kb_wait4": 12032, "threads": 1, "workers": 4, "time": "2026-10-01T20:22:50", "status": "reused", "iterations": 125, "exploitability_pct_pot": 0.2177663430654425, "converged": true, "invariant_error_bb": 4.629540129030829e-08, "solve_s": 184.622075217}
{"board": "Ac9c6c", "rc": 0, "wall_s": 0.0, "peak_rss_kb_wait4": 12032, "threads": 1, "workers": 4, "time": "2026-10-01T20:22:50", "status": "reused", "iterations": 125, "exploitability_pct_pot": 0.23199481574047304, "converged": true, "invariant_error_bb": 2.3530226656021114e-09, "solve_s": 187.125439865}
{"board": "AcQc4c", "rc": 0, "wall_s": 0.0, "peak_rss_kb_wait4": 12032, "threads": 1, "workers": 4, "time": "2026-10-01T20:22:50", "status": "reused", "iterations": 125, "exploitability_pct_pot": 0.21584567584611766, "converged": true, "invariant_error_bb": -3.2709502661987244e-08, "solve_s": 178.145752616}
{"board": "Tc8c7c", "rc": 0, "wall_s": 0.0, "peak_rss_kb_wait4": 12160, "threads": 1, "workers": 4, "time": "2026-10-01T20:22:50", "status": "reused", "iterations": 100, "exploitability_pct_pot": 0.2844347193203651, "converged": true, "invariant_error_bb": -1.4466614572938852e-08, "solve_s": 142.311366715}
{"board": "AcKc7c", "rc": 0, "wall_s": 0.0, "peak_rss_kb_wait4": 12032, "threads": 1, "workers": 4, "time": "2026-10-01T20:22:50", "status": "reused", "iterations": 125, "exploitability_pct_pot": 0.2183036105633196, "converged": true, "invariant_error_bb": 1.2146060157647298e-08, "solve_s": 176.613467582}
{"board": "Tc3c2c", "rc": 0, "wall_s": 0.0, "peak_rss_kb_wait4": 12160, "threads": 1, "workers": 4, "time": "2026-10-01T20:22:50", "status": "reused", "iterations": 125, "exploitability_pct_pot": 0.22445077190582594, "converged": true, "invariant_error_bb": 7.641828503324177e-09, "solve_s": 175.237543073}
{"board": "8c7c2c", "rc": 0, "wall_s": 0.0, "peak_rss_kb_wait4": 12160, "threads": 1, "workers": 4, "time": "2026-10-01T20:22:50", "status": "reused", "iterations": 125, "exploitability_pct_pot": 0.20425231820644188, "converged": true, "invariant_error_bb": -6.362400384318789e-09, "solve_s": 180.826538157}
{"board": "Tc7c6c", "rc": 0, "wall_s": 0.0, "peak_rss_kb_wait4": 12160, "threads": 1, "workers": 4, "time": "2026-10-01T20:22:50", "status": "reused", "iterations": 100, "exploitability_pct_pot": 0.2958666810144989, "converged": true, "invariant_error_bb": -1.626578161051384e-08, "solve_s": 145.668912741}
{"board": "Jc8c7c", "rc": 0, "wall_s": 0.0, "peak_rss_kb_wait4": 12160, "threads": 1, "workers": 4, "time": "2026-10-01T20:22:50", "status": "reused", "iterations": 125, "exploitability_pct_pot": 0.20976407664576174, "converged": true, "invariant_error_bb": 2.6054198798419748e-09, "solve_s": 181.494142467}
{"board": "Jc9c4c", "rc": 0, "wall_s": 0.0, "peak_rss_kb_wait4": 12160, "threads": 1, "workers": 4, "time": "2026-10-01T20:22:50", "status": "reused", "iterations": 125, "exploitability_pct_pot": 0.20800532130041452, "converged": true, "invariant_error_bb": 9.760642072365044e-09, "solve_s": 182.29906896}
{"board": "KcTc4c", "rc": 0, "wall_s": 0.0, "peak_rss_kb_wait4": 12160, "threads": 1, "workers": 4, "time": "2026-10-01T20:22:50", "status": "reused", "iterations": 125, "exploitability_pct_pot": 0.2177983697305555, "converged": true, "invariant_error_bb": 1.7515423778036165e-08, "solve_s": 185.309283318}
{"board": "Qc4c2c", "rc": 0, "wall_s": 0.0, "peak_rss_kb_wait4": 12160, "threads": 1, "workers": 4, "time": "2026-10-01T20:22:50", "status": "reused", "iterations": 125, "exploitability_pct_pot": 0.2176446473876418, "converged": true, "invariant_error_bb": -6.611533898137623e-08, "solve_s": 182.762498802}
{"board": "KcJc7c", "rc": 0, "wall_s": 0.0, "peak_rss_kb_wait4": 12160, "threads": 1, "workers": 4, "time": "2026-10-01T20:22:50", "status": "reused", "iterations": 125, "exploitability_pct_pot": 0.2061257978470852, "converged": true, "invariant_error_bb": 2.486169492499357e-09, "solve_s": 183.907614815}
{"board": "QcJc9c", "rc": 0, "wall_s": 0.0, "peak_rss_kb_wait4": 12160, "threads": 1, "workers": 4, "time": "2026-10-01T20:22:50", "status": "reused", "iterations": 125, "exploitability_pct_pot": 0.20775417778519564, "converged": true, "invariant_error_bb": -2.2924171005911376e-08, "solve_s": 186.017463417}
{"board": "Qc9c2c", "rc": 0, "wall_s": 0.0, "peak_rss_kb_wait4": 12160, "threads": 1, "workers": 4, "time": "2026-10-01T20:22:50", "status": "reused", "iterations": 125, "exploitability_pct_pot": 0.2160557498027245, "converged": true, "invariant_error_bb": 3.435626805270431e-08, "solve_s": 173.308923884}
{"board": "QcJc3c", "rc": 0, "wall_s": 0.0, "peak_rss_kb_wait4": 12160, "threads": 1, "workers": 4, "time": "2026-10-01T20:22:50", "status": "reused", "iterations": 125, "exploitability_pct_pot": 0.207775786593474, "converged": true, "invariant_error_bb": -3.376724411197074e-08, "solve_s": 171.627834033}
{"board": "Ac4h4d", "rc": 0, "wall_s": 0.0, "peak_rss_kb_wait4": 12160, "threads": 1, "workers": 4, "time": "2026-10-01T20:22:50", "status": "reused", "iterations": 125, "exploitability_pct_pot": 0.26506319530206024, "converged": true, "invariant_error_bb": 4.036995804312937e-08, "solve_s": 574.58196957}
{"board": "AdAc5c", "rc": 0, "wall_s": 0.0, "peak_rss_kb_wait4": 12160, "threads": 1, "workers": 4, "time": "2026-10-01T20:22:50", "status": "reused", "iterations": 100, "exploitability_pct_pot": 0.23648268204218373, "converged": true, "invariant_error_bb": -5.8946145742311273e-08, "solve_s": 289.230096705}
{"board": "Ac8d8c", "rc": 0, "wall_s": 0.0, "peak_rss_kb_wait4": 12160, "threads": 1, "workers": 4, "time": "2026-10-01T20:22:50", "status": "reused", "iterations": 125, "exploitability_pct_pot": 0.2500555698073179, "converged": true, "invariant_error_bb": -3.9657539474546866e-09, "solve_s": 349.951127604}
{"board": "Ac2d2c", "rc": 0, "wall_s": 0.0, "peak_rss_kb_wait4": 12160, "threads": 1, "workers": 4, "time": "2026-10-01T20:22:50", "status": "reused", "iterations": 125, "exploitability_pct_pot": 0.24101469357843638, "converged": true, "invariant_error_bb": 1.6878127340191895e-08, "solve_s": 351.125164686}
{"board": "Ac6d6c", "rc": 0, "wall_s": 0.0, "peak_rss_kb_wait4": 12160, "threads": 1, "workers": 4, "time": "2026-10-01T20:22:50", "status": "reused", "iterations": 125, "exploitability_pct_pot": 0.22587398370724765, "converged": true, "invariant_error_bb": -4.415719878636537e-08, "solve_s": 345.054761646}
{"board": "AdAcJh", "rc": 0, "wall_s": 0.0, "peak_rss_kb_wait4": 12160, "threads": 1, "workers": 4, "time": "2026-10-01T20:22:50", "status": "reused", "iterations": 100, "exploitability_pct_pot": 0.2545446443448609, "converged": true, "invariant_error_bb": 2.689834310842798e-08, "solve_s": 463.35463162}
{"board": "5d5c4c", "rc": 0, "wall_s": 0.0, "peak_rss_kb_wait4": 12160, "threads": 1, "workers": 4, "time": "2026-10-01T20:22:50", "status": "reused", "iterations": 125, "exploitability_pct_pot": 0.25073618621009713, "converged": true, "invariant_error_bb": -3.261181014124759e-08, "solve_s": 357.18554799}
{"board": "5c2h2d", "rc": 0, "wall_s": 0.0, "peak_rss_kb_wait4": 12160, "threads": 1, "workers": 4, "time": "2026-10-01T20:22:50", "status": "reused", "iterations": 125, "exploitability_pct_pot": 0.24735883467016292, "converged": true, "invariant_error_bb": -6.043945788292149e-09, "solve_s": 582.752077399}
{"board": "Tc8h8d", "rc": 0, "wall_s": 0.0, "peak_rss_kb_wait4": 12160, "threads": 1, "workers": 4, "time": "2026-10-01T20:22:50", "status": "reused", "iterations": 125, "exploitability_pct_pot": 0.2581686140499926, "converged": true, "invariant_error_bb": -1.9174368759422578e-08, "solve_s": 581.727652807}
{"board": "6c3d3c", "rc": 0, "wall_s": 0.0, "peak_rss_kb_wait4": 12160, "threads": 1, "workers": 4, "time": "2026-10-01T20:22:50", "status": "reused", "iterations": 125, "exploitability_pct_pot": 0.23211892981149, "converged": true, "invariant_error_bb": -4.211649873298029e-08, "solve_s": 353.883012206}
{"board": "8d8c7c", "rc": 0, "wall_s": 0.0, "peak_rss_kb_wait4": 12160, "threads": 1, "workers": 4, "time": "2026-10-01T20:22:50", "status": "reused", "iterations": 100, "exploitability_pct_pot": 0.2980109478053045, "converged": true, "invariant_error_bb": 4.272694198448335e-09, "solve_s": 285.888892245}
{"board": "QdQc2c", "rc": 0, "wall_s": 0.0, "peak_rss_kb_wait4": 12160, "threads": 1, "workers": 4, "time": "2026-10-01T20:22:50", "status": "reused", "iterations": 125, "exploitability_pct_pot": 0.20450128567418382, "converged": true, "invariant_error_bb": 5.827711646588796e-10, "solve_s": 353.367843768}
{"board": "QdQc5h", "rc": 0, "wall_s": 0.0, "peak_rss_kb_wait4": 12160, "threads": 1, "workers": 4, "time": "2026-10-01T20:22:50", "status": "reused", "iterations": 100, "exploitability_pct_pot": 0.2966646354090177, "converged": true, "invariant_error_bb": 2.2857506998263943e-08, "solve_s": 466.39408428}
{"board": "JdJc4c", "rc": 0, "wall_s": 0.0, "peak_rss_kb_wait4": 12160, "threads": 1, "workers": 4, "time": "2026-10-01T20:22:50", "status": "reused", "iterations": 100, "exploitability_pct_pot": 0.27711294478002196, "converged": true, "invariant_error_bb": 3.455893615722516e-08, "solve_s": 286.321157305}
{"board": "Kc7d7c", "rc": 0, "wall_s": 0.0, "peak_rss_kb_wait4": 12160, "threads": 1, "workers": 4, "time": "2026-10-01T20:22:50", "status": "reused", "iterations": 125, "exploitability_pct_pot": 0.2664976694575156, "converged": true, "invariant_error_bb": -1.950205685830042e-08, "solve_s": 353.225746417}
{"board": "QcJdJc", "rc": 0, "wall_s": 0.0, "peak_rss_kb_wait4": 12160, "threads": 1, "workers": 4, "time": "2026-10-01T20:22:50", "status": "reused", "iterations": 125, "exploitability_pct_pot": 0.24099952909120148, "converged": true, "invariant_error_bb": 1.4643608103881434e-08, "solve_s": 360.657049526}
{"board": "KdKc5h", "rc": 0, "wall_s": 0.0, "peak_rss_kb_wait4": 12160, "threads": 1, "workers": 4, "time": "2026-10-01T20:22:50", "status": "reused", "iterations": 100, "exploitability_pct_pot": 0.24332821694968235, "converged": true, "invariant_error_bb": 1.0126404603738592e-08, "solve_s": 464.550498026}
{"board": "QdQc8h", "rc": 0, "wall_s": 0.0, "peak_rss_kb_wait4": 12160, "threads": 1, "workers": 4, "time": "2026-10-01T20:22:50", "status": "reused", "iterations": 125, "exploitability_pct_pot": 0.24628668904637338, "converged": true, "invariant_error_bb": 1.628902968064949e-08, "solve_s": 580.340145285}
{"board": "Ac7d6h", "rc": 0, "wall_s": 0.0, "peak_rss_kb_wait4": 12160, "threads": 1, "workers": 4, "time": "2026-10-01T20:22:50", "status": "reused", "iterations": 100, "exploitability_pct_pot": 0.23217312964326406, "converged": true, "invariant_error_bb": -2.8114069294815636e-08, "solve_s": 466.0117512769999}
{"board": "Ac8d2h", "rc": 0, "wall_s": 0.0, "peak_rss_kb_wait4": 12160, "threads": 1, "workers": 4, "time": "2026-10-01T20:22:50", "status": "reused", "iterations": 100, "exploitability_pct_pot": 0.2566407301250009, "converged": true, "invariant_error_bb": -1.1367227159553295e-09, "solve_s": 468.962343886}
{"board": "AcQd9h", "rc": 0, "wall_s": 0.0, "peak_rss_kb_wait4": 12160, "threads": 1, "workers": 4, "time": "2026-10-01T20:22:50", "status": "reused", "iterations": 100, "exploitability_pct_pot": 0.2967133781633916, "converged": true, "invariant_error_bb": -2.9766296094635436e-09, "solve_s": 467.838498691}
{"board": "Ac8d5h", "rc": 0, "wall_s": 0.0, "peak_rss_kb_wait4": 12160, "threads": 1, "workers": 4, "time": "2026-10-01T20:22:50", "status": "reused", "iterations": 100, "exploitability_pct_pot": 0.2532989526219859, "converged": true, "invariant_error_bb": -2.136810373087883e-08, "solve_s": 463.629011248}
{"board": "AcKdJh", "rc": 0, "wall_s": 0.0, "peak_rss_kb_wait4": 12160, "threads": 1, "workers": 4, "time": "2026-10-01T20:22:50", "status": "reused", "iterations": 125, "exploitability_pct_pot": 0.28283444174446815, "converged": true, "invariant_error_bb": 7.079810515620011e-09, "solve_s": 579.844767086}
{"board": "AcKd3h", "rc": 0, "wall_s": 0.0, "peak_rss_kb_wait4": 12160, "threads": 1, "workers": 4, "time": "2026-10-01T20:22:50", "status": "reused", "iterations": 100, "exploitability_pct_pot": 0.288798067204187, "converged": true, "invariant_error_bb": -1.1716995373944883e-08, "solve_s": 464.787551267}
{"board": "9c5d4h", "rc": 0, "wall_s": 0.0, "peak_rss_kb_wait4": 12160, "threads": 1, "workers": 4, "time": "2026-10-01T20:22:50", "status": "reused", "iterations": 100, "exploitability_pct_pot": 0.29547110876376287, "converged": true, "invariant_error_bb": 3.5423894928499067e-09, "solve_s": 469.999360948}
{"board": "4c3d2h", "rc": 0, "wall_s": 0.0, "peak_rss_kb_wait4": 12160, "threads": 1, "workers": 4, "time": "2026-10-01T20:22:50", "status": "reused", "iterations": 100, "exploitability_pct_pot": 0.2871581415907867, "converged": true, "invariant_error_bb": -8.324649414248597e-09, "solve_s": 453.761041093}
{"board": "8c6d5h", "rc": 0, "wall_s": 0.0, "peak_rss_kb_wait4": 12160, "threads": 1, "workers": 4, "time": "2026-10-01T20:22:50", "status": "reused", "iterations": 100, "exploitability_pct_pot": 0.27030683046014614, "converged": true, "invariant_error_bb": -2.1827551321962346e-08, "solve_s": 461.214501571}
{"board": "Jc9d3h", "rc": 0, "wall_s": 0.0, "peak_rss_kb_wait4": 12160, "threads": 1, "workers": 4, "time": "2026-10-01T20:22:50", "status": "reused", "iterations": 100, "exploitability_pct_pot": 0.28059121957892535, "converged": true, "invariant_error_bb": -2.0990905902351642e-08, "solve_s": 469.754072382}
{"board": "Jc4d3h", "rc": 0, "wall_s": 0.0, "peak_rss_kb_wait4": 12160, "threads": 1, "workers": 4, "time": "2026-10-01T20:22:50", "status": "reused", "iterations": 100, "exploitability_pct_pot": 0.2810174030661411, "converged": true, "invariant_error_bb": -2.002837007353264e-09, "solve_s": 456.697891652}
{"board": "6c4d3h", "rc": 0, "wall_s": 0.0, "peak_rss_kb_wait4": 12160, "threads": 1, "workers": 4, "time": "2026-10-01T20:22:50", "status": "reused", "iterations": 100, "exploitability_pct_pot": 0.27296183975161503, "converged": true, "invariant_error_bb": -2.3888071076783035e-08, "solve_s": 458.039446033}
{"board": "Kc7d3h", "rc": 0, "wall_s": 0.0, "peak_rss_kb_wait4": 12160, "threads": 1, "workers": 4, "time": "2026-10-01T20:22:50", "status": "reused", "iterations": 100, "exploitability_pct_pot": 0.2954353565130569, "converged": true, "invariant_error_bb": -7.03873137553046e-09, "solve_s": 464.165803045}
{"board": "Kc6d4h", "rc": 0, "wall_s": 0.0, "peak_rss_kb_wait4": 12160, "threads": 1, "workers": 4, "time": "2026-10-01T20:22:50", "status": "reused", "iterations": 100, "exploitability_pct_pot": 0.24854728621271313, "converged": true, "invariant_error_bb": -2.3988091513160725e-09, "solve_s": 468.877398366}
{"board": "KcQd7h", "rc": 0, "wall_s": 0.0, "peak_rss_kb_wait4": 12160, "threads": 1, "workers": 4, "time": "2026-10-01T20:22:50", "status": "reused", "iterations": 100, "exploitability_pct_pot": 0.28166980923583496, "converged": true, "invariant_error_bb": -1.2416897732236976e-08, "solve_s": 460.956991017}
{"board": "Qc9d4h", "rc": 0, "wall_s": 0.0, "peak_rss_kb_wait4": 12160, "threads": 1, "workers": 4, "time": "2026-10-01T20:22:50", "status": "reused", "iterations": 125, "exploitability_pct_pot": 0.21336779833242905, "converged": true, "invariant_error_bb": 8.414039243120897e-09, "solve_s": 576.627809018}
{"board": "QcTd7h", "rc": 0, "wall_s": 0.0, "peak_rss_kb_wait4": 12160, "threads": 1, "workers": 4, "time": "2026-10-01T20:22:50", "status": "reused", "iterations": 100, "exploitability_pct_pot": 0.28708712610440634, "converged": true, "invariant_error_bb": -3.781706769956372e-08, "solve_s": 462.465603563}
{"board": "Kc8d6h", "rc": 0, "wall_s": 0.0, "peak_rss_kb_wait4": 12160, "threads": 1, "workers": 4, "time": "2026-10-01T20:22:50", "status": "reused", "iterations": 100, "exploitability_pct_pot": 0.2569737154236251, "converged": true, "invariant_error_bb": -1.349481237866712e-08, "solve_s": 458.169030209}
{"board": "Ac8d5c", "rc": 0, "wall_s": 0.0, "peak_rss_kb_wait4": 12160, "threads": 1, "workers": 4, "time": "2026-10-01T20:22:50", "status": "reused", "iterations": 100, "exploitability_pct_pot": 0.23505136372709937, "converged": true, "invariant_error_bb": 2.4490502070761977e-08, "solve_s": 284.385469115}
{"board": "Ac9d7d", "rc": 0, "wall_s": 0.0, "peak_rss_kb_wait4": 12160, "threads": 1, "workers": 4, "time": "2026-10-01T20:22:50", "status": "reused", "iterations": 100, "exploitability_pct_pot": 0.2318193744548669, "converged": true, "invariant_error_bb": 9.739467010660974e-09, "solve_s": 286.501697986}
{"board": "AcQdJd", "rc": 0, "wall_s": 0.0, "peak_rss_kb_wait4": 12160, "threads": 1, "workers": 4, "time": "2026-10-01T20:22:50", "status": "reused", "iterations": 125, "exploitability_pct_pot": 0.2523207341614847, "converged": true, "invariant_error_bb": -6.290534315667173e-09, "solve_s": 360.182322113}
{"board": "Ac7c6d", "rc": 0, "wall_s": 0.0, "peak_rss_kb_wait4": 12160, "threads": 1, "workers": 4, "time": "2026-10-01T20:22:50", "status": "reused", "iterations": 100, "exploitability_pct_pot": 0.23452834566240477, "converged": true, "invariant_error_bb": -2.7522233381205297e-09, "solve_s": 287.344117923}
{"board": "AcKd4d", "rc": 0, "wall_s": 0.0, "peak_rss_kb_wait4": 12160, "threads": 1, "workers": 4, "time": "2026-10-01T20:22:50", "status": "reused", "iterations": 125, "exploitability_pct_pot": 0.2378812399377909, "converged": true, "invariant_error_bb": 6.527759666141719e-09, "solve_s": 361.999748022}
{"board": "6c5d2c", "rc": 0, "wall_s": 0.0, "peak_rss_kb_wait4": 12160, "threads": 1, "workers": 4, "time": "2026-10-01T20:22:50", "status": "reused", "iterations": 100, "exploitability_pct_pot": 0.2636502566202049, "converged": true, "invariant_error_bb": -1.2327721066185404e-08, "solve_s": 287.028752555}
{"board": "Tc9c2d", "rc": 0, "wall_s": 0.0, "peak_rss_kb_wait4": 12160, "threads": 1, "workers": 4, "time": "2026-10-01T20:22:50", "status": "reused", "iterations": 100, "exploitability_pct_pot": 0.25069331892992686, "converged": true, "invariant_error_bb": -1.1298381785707079e-08, "solve_s": 291.837635029}
{"board": "7c3d2d", "rc": 0, "wall_s": 0.0, "peak_rss_kb_wait4": 12160, "threads": 1, "workers": 4, "time": "2026-10-01T20:22:50", "status": "reused", "iterations": 100, "exploitability_pct_pot": 0.28501033721441416, "converged": true, "invariant_error_bb": 1.8362573683816663e-08, "solve_s": 288.004799798}
{"board": "JcTd3c", "rc": 0, "wall_s": 0.0, "peak_rss_kb_wait4": 12160, "threads": 1, "workers": 4, "time": "2026-10-01T20:22:50", "status": "reused", "iterations": 100, "exploitability_pct_pot": 0.2429135128122877, "converged": true, "invariant_error_bb": -2.656727282612792e-08, "solve_s": 286.554067433}
{"board": "JcTd6d", "rc": 0, "wall_s": 0.0, "peak_rss_kb_wait4": 12160, "threads": 1, "workers": 4, "time": "2026-10-01T20:22:50", "status": "reused", "iterations": 100, "exploitability_pct_pot": 0.24269434480142377, "converged": true, "invariant_error_bb": -1.9555038477392372e-08, "solve_s": 288.387806821}
{"board": "Qc6c2d", "rc": 0, "wall_s": 0.0, "peak_rss_kb_wait4": 12160, "threads": 1, "workers": 4, "time": "2026-10-01T20:22:50", "status": "reused", "iterations": 100, "exploitability_pct_pot": 0.29687045498720305, "converged": true, "invariant_error_bb": -1.852927056233966e-08, "solve_s": 290.910528913}
{"board": "Tc6d4d", "rc": 0, "wall_s": 0.0, "peak_rss_kb_wait4": 12160, "threads": 1, "workers": 4, "time": "2026-10-01T20:22:50", "status": "reused", "iterations": 100, "exploitability_pct_pot": 0.26622555336398934, "converged": true, "invariant_error_bb": 5.398193891892333e-09, "solve_s": 282.344931376}
{"board": "Qc9d4d", "rc": 0, "wall_s": 0.0, "peak_rss_kb_wait4": 12160, "threads": 1, "workers": 4, "time": "2026-10-01T20:22:50", "status": "reused", "iterations": 100, "exploitability_pct_pot": 0.287308559861262, "converged": true, "invariant_error_bb": 2.675833776777381e-09, "solve_s": 293.603063086}
{"board": "Kc6c4d", "rc": 0, "wall_s": 0.0, "peak_rss_kb_wait4": 12160, "threads": 1, "workers": 4, "time": "2026-10-01T20:22:50", "status": "reused", "iterations": 100, "exploitability_pct_pot": 0.2576291173146681, "converged": true, "invariant_error_bb": -3.1011477830134027e-09, "solve_s": 297.150375952}
{"board": "KcQdTd", "rc": 0, "wall_s": 0.0, "peak_rss_kb_wait4": 12160, "threads": 1, "workers": 4, "time": "2026-10-01T20:22:50", "status": "reused", "iterations": 125, "exploitability_pct_pot": 0.28619812740859896, "converged": true, "invariant_error_bb": -1.2223850376358314e-08, "solve_s": 369.282329948}
{"board": "AcTc2d", "rc": 0, "wall_s": 0.0, "peak_rss_kb_wait4": 12160, "threads": 1, "workers": 4, "time": "2026-10-01T20:22:50", "status": "reused", "iterations": 100, "exploitability_pct_pot": 0.24678564292404115, "converged": true, "invariant_error_bb": 5.507645894908819e-09, "solve_s": 289.160066011}
{"board": "KcTc8d", "rc": 0, "wall_s": 0.0, "peak_rss_kb_wait4": 12160, "threads": 1, "workers": 4, "time": "2026-10-01T20:22:50", "status": "reused", "iterations": 100, "exploitability_pct_pot": 0.2583778925329313, "converged": true, "invariant_error_bb": 2.971759727188328e-09, "solve_s": 294.58244266300005}
{"board": "Kc5d3c", "rc": 0, "wall_s": 0.0, "peak_rss_kb_wait4": 12160, "threads": 1, "workers": 4, "time": "2026-10-01T20:22:50", "status": "reused", "iterations": 100, "exploitability_pct_pot": 0.28735117887725237, "converged": true, "invariant_error_bb": -1.6160774052309534e-08, "solve_s": 291.296967055}
finished in 0.0 min; failed: []
72 boards, 25 artifacts present (verified by the solver on reuse), 47 to solve; workers 4 x threads 1; MemAvailable 15.2 GB
{"board": "Ac6c5c", "rc": 0, "wall_s": 0.0, "peak_rss_kb_wait4": 12068, "threads": 1, "workers": 4, "time": "2026-10-01T20:22:50", "status": "reused", "iterations": 175, "exploitability_pct_pot": 0.21910732163871685, "converged": true, "invariant_error_bb": -2.6423553123322563e-08, "solve_s": 244.078629097}
{"board": "Ac6c4c", "rc": 0, "wall_s": 0.0, "peak_rss_kb_wait4": 12068, "threads": 1, "workers": 4, "time": "2026-10-01T20:22:50", "status": "reused", "iterations": 125, "exploitability_pct_pot": 0.2819862683744113, "converged": true, "invariant_error_bb": -9.705312109531405e-10, "solve_s": 175.995564156}
{"board": "AcKc8c", "rc": 0, "wall_s": 0.0, "peak_rss_kb_wait4": 12068, "threads": 1, "workers": 4, "time": "2026-10-01T20:22:50", "status": "reused", "iterations": 125, "exploitability_pct_pot": 0.23955565844089108, "converged": true, "invariant_error_bb": 1.215914657848316e-08, "solve_s": 175.970194045}
{"board": "Ac9c6c", "rc": 0, "wall_s": 0.0, "peak_rss_kb_wait4": 12068, "threads": 1, "workers": 4, "time": "2026-10-01T20:22:50", "status": "reused", "iterations": 125, "exploitability_pct_pot": 0.2656329537930087, "converged": true, "invariant_error_bb": -4.633297301381845e-09, "solve_s": 177.787613977}
{"board": "AcQc4c", "rc": 0, "wall_s": 0.0, "peak_rss_kb_wait4": 12196, "threads": 1, "workers": 4, "time": "2026-10-01T20:22:50", "status": "reused", "iterations": 125, "exploitability_pct_pot": 0.235601018958191, "converged": true, "invariant_error_bb": -4.9798854817595384e-08, "solve_s": 170.50264321}
{"board": "AcKc7c", "rc": 0, "wall_s": 0.0, "peak_rss_kb_wait4": 12324, "threads": 1, "workers": 4, "time": "2026-10-01T20:22:50", "status": "reused", "iterations": 125, "exploitability_pct_pot": 0.24145292431700938, "converged": true, "invariant_error_bb": -2.91428827736695e-08, "solve_s": 173.178020973}
{"board": "Tc8c7c", "rc": 0, "wall_s": 0.0, "peak_rss_kb_wait4": 12324, "threads": 1, "workers": 4, "time": "2026-10-01T20:22:50", "status": "reused", "iterations": 125, "exploitability_pct_pot": 0.24230735166059378, "converged": true, "invariant_error_bb": -5.028197946899127e-08, "solve_s": 175.056406022}
{"board": "Tc3c2c", "rc": 0, "wall_s": 0.0, "peak_rss_kb_wait4": 12324, "threads": 1, "workers": 4, "time": "2026-10-01T20:22:50", "status": "reused", "iterations": 125, "exploitability_pct_pot": 0.27825282036088733, "converged": true, "invariant_error_bb": 3.622684729975845e-08, "solve_s": 172.535981369}
{"board": "8c7c2c", "rc": 0, "wall_s": 0.0, "peak_rss_kb_wait4": 12324, "threads": 1, "workers": 4, "time": "2026-10-01T20:22:50", "status": "reused", "iterations": 125, "exploitability_pct_pot": 0.2492164146089972, "converged": true, "invariant_error_bb": -9.6055750020696e-09, "solve_s": 181.752154584}
{"board": "Tc7c6c", "rc": 0, "wall_s": 0.0, "peak_rss_kb_wait4": 12324, "threads": 1, "workers": 4, "time": "2026-10-01T20:22:50", "status": "reused", "iterations": 125, "exploitability_pct_pot": 0.2623237028846764, "converged": true, "invariant_error_bb": 4.292379784942568e-08, "solve_s": 182.527249856}
{"board": "Jc8c7c", "rc": 0, "wall_s": 0.0, "peak_rss_kb_wait4": 12324, "threads": 1, "workers": 4, "time": "2026-10-01T20:22:50", "status": "reused", "iterations": 125, "exploitability_pct_pot": 0.23538016591960853, "converged": true, "invariant_error_bb": -1.5444193479652313e-08, "solve_s": 184.136403157}
{"board": "Jc9c4c", "rc": 0, "wall_s": 0.0, "peak_rss_kb_wait4": 12324, "threads": 1, "workers": 4, "time": "2026-10-01T20:22:50", "status": "reused", "iterations": 125, "exploitability_pct_pot": 0.21692180208926795, "converged": true, "invariant_error_bb": -3.9670362106392076e-08, "solve_s": 185.683240853}
{"board": "Qc4c2c", "rc": 0, "wall_s": 0.0, "peak_rss_kb_wait4": 12324, "threads": 1, "workers": 4, "time": "2026-10-01T20:22:50", "status": "reused", "iterations": 150, "exploitability_pct_pot": 0.24736137059711308, "converged": true, "invariant_error_bb": 4.137657327873967e-09, "solve_s": 218.283888088}
{"board": "KcJc7c", "rc": 0, "wall_s": 0.0, "peak_rss_kb_wait4": 12324, "threads": 1, "workers": 4, "time": "2026-10-01T20:22:50", "status": "reused", "iterations": 125, "exploitability_pct_pot": 0.21990656362247799, "converged": true, "invariant_error_bb": -1.082913403394059e-08, "solve_s": 183.412923144}
{"board": "QcJc9c", "rc": 0, "wall_s": 0.0, "peak_rss_kb_wait4": 12324, "threads": 1, "workers": 4, "time": "2026-10-01T20:22:50", "status": "reused", "iterations": 125, "exploitability_pct_pot": 0.18659067154625156, "converged": true, "invariant_error_bb": 1.4886095911492703e-08, "solve_s": 177.807713211}
{"board": "KcTc4c", "rc": 0, "wall_s": 0.0, "peak_rss_kb_wait4": 12324, "threads": 1, "workers": 4, "time": "2026-10-01T20:22:50", "status": "reused", "iterations": 125, "exploitability_pct_pot": 0.2617197104580123, "converged": true, "invariant_error_bb": 2.6016463650080368e-08, "solve_s": 185.645165282}
{"board": "Qc9c2c", "rc": 0, "wall_s": 0.0, "peak_rss_kb_wait4": 12324, "threads": 1, "workers": 4, "time": "2026-10-01T20:22:50", "status": "reused", "iterations": 125, "exploitability_pct_pot": 0.2308598494330072, "converged": true, "invariant_error_bb": -3.6620184218350005e-08, "solve_s": 178.575358839}
{"board": "Ac4h4d", "rc": 0, "wall_s": 0.0, "peak_rss_kb_wait4": 12324, "threads": 1, "workers": 4, "time": "2026-10-01T20:22:50", "status": "reused", "iterations": 175, "exploitability_pct_pot": 0.2572338155102534, "converged": true, "invariant_error_bb": -5.3565861080073773e-08, "solve_s": 869.248319712}
{"board": "QcJc3c", "rc": 0, "wall_s": 0.0, "peak_rss_kb_wait4": 12324, "threads": 1, "workers": 4, "time": "2026-10-01T20:22:50", "status": "reused", "iterations": 125, "exploitability_pct_pot": 0.24825878180870686, "converged": true, "invariant_error_bb": 1.8620099240251875e-08, "solve_s": 177.699593403}
{"board": "AdAc5c", "rc": 0, "wall_s": 0.0, "peak_rss_kb_wait4": 12324, "threads": 1, "workers": 4, "time": "2026-10-01T20:22:50", "status": "reused", "iterations": 125, "exploitability_pct_pot": 0.24043845772342923, "converged": true, "invariant_error_bb": -3.61263330361794e-08, "solve_s": 382.28761392}
{"board": "Ac2d2c", "rc": 0, "wall_s": 0.0, "peak_rss_kb_wait4": 12324, "threads": 1, "workers": 4, "time": "2026-10-01T20:22:50", "status": "reused", "iterations": 150, "exploitability_pct_pot": 0.2416004602243338, "converged": true, "invariant_error_bb": -1.1294636337311204e-08, "solve_s": 455.752774478}
{"board": "Ac8d8c", "rc": 0, "wall_s": 0.0, "peak_rss_kb_wait4": 12324, "threads": 1, "workers": 4, "time": "2026-10-01T20:22:50", "status": "reused", "iterations": 125, "exploitability_pct_pot": 0.2644154789242807, "converged": true, "invariant_error_bb": 4.974975098548384e-09, "solve_s": 384.887984898}
{"board": "Ac6d6c", "rc": 0, "wall_s": 0.0, "peak_rss_kb_wait4": 12324, "threads": 1, "workers": 4, "time": "2026-10-01T20:22:50", "status": "reused", "iterations": 150, "exploitability_pct_pot": 0.22753391778176468, "converged": true, "invariant_error_bb": -1.5001220710075813e-08, "solve_s": 489.577872156}
{"board": "AdAcJh", "rc": 0, "wall_s": 0.0, "peak_rss_kb_wait4": 12324, "threads": 1, "workers": 4, "time": "2026-10-01T20:22:50", "status": "reused", "iterations": 125, "exploitability_pct_pot": 0.2315264813325638, "converged": true, "invariant_error_bb": -1.5227969107911576e-08, "solve_s": 645.757476965}
{"board": "5d5c4c", "rc": 0, "wall_s": 0.0, "peak_rss_kb_wait4": 12324, "threads": 1, "workers": 4, "time": "2026-10-01T20:22:50", "status": "reused", "iterations": 125, "exploitability_pct_pot": 0.2293092176442307, "converged": true, "invariant_error_bb": 1.487979695014019e-08, "solve_s": 365.413091299}
{"board": "JdJc4c", "rc": 0, "wall_s": 349.4, "peak_rss_kb_wait4": 2169832, "threads": 1, "workers": 4, "time": "2026-10-01T20:28:39", "status": "solved", "iterations": 100, "exploitability_pct_pot": 0.20673513311111943, "converged": true, "invariant_error_bb": -1.7402437713087693e-08, "solve_s": 341.862321897}
{"board": "6c3d3c", "rc": 0, "wall_s": 435.6, "peak_rss_kb_wait4": 2169412, "threads": 1, "workers": 4, "time": "2026-10-01T20:30:06", "status": "solved", "iterations": 125, "exploitability_pct_pot": 0.23461244234280806, "converged": true, "invariant_error_bb": 2.7599925900290145e-08, "solve_s": 428.811448824}
{"board": "5c2h2d", "rc": 0, "wall_s": 674.2, "peak_rss_kb_wait4": 2173780, "threads": 1, "workers": 4, "time": "2026-10-01T20:34:04", "status": "solved", "iterations": 125, "exploitability_pct_pot": 0.23997925118450578, "converged": true, "invariant_error_bb": -1.5699502142751953e-08, "solve_s": 664.216036692}
{"board": "Tc8h8d", "rc": 0, "wall_s": 681.7, "peak_rss_kb_wait4": 2171804, "threads": 1, "workers": 4, "time": "2026-10-01T20:34:12", "status": "solved", "iterations": 125, "exploitability_pct_pot": 0.26765752690528805, "converged": true, "invariant_error_bb": -2.1115658555004302e-08, "solve_s": 671.7562620159999}
{"board": "QdQc2c", "rc": 0, "wall_s": 306.9, "peak_rss_kb_wait4": 2169692, "threads": 1, "workers": 4, "time": "2026-10-01T20:35:12", "status": "solved", "iterations": 100, "exploitability_pct_pot": 0.2963037037323964, "converged": true, "invariant_error_bb": 1.052122478029105e-08, "solve_s": 299.542822394}
{"board": "8d8c7c", "rc": 0, "wall_s": 396.6, "peak_rss_kb_wait4": 2172112, "threads": 1, "workers": 4, "time": "2026-10-01T20:35:16", "status": "solved", "iterations": 125, "exploitability_pct_pot": 0.2591700661553504, "converged": true, "invariant_error_bb": -2.068326665494169e-08, "solve_s": 388.895971666}
=== container restart 4 detected 21:01:07 ===
=== start 2026-10-01T21:01:07 uptime 197.34 s ===
72 boards, 72 artifacts present (verified by the solver on reuse), 0 to solve; workers 4 x threads 1; MemAvailable 15.2 GB
{"board": "Ac6c5c", "rc": 0, "wall_s": 0.1, "peak_rss_kb_wait4": 12044, "threads": 1, "workers": 4, "time": "2026-10-01T21:01:07", "status": "reused", "iterations": 125, "exploitability_pct_pot": 0.20332143749754636, "converged": true, "invariant_error_bb": -1.097361312929479e-09, "solve_s": 188.495096365}
{"board": "Ac6c4c", "rc": 0, "wall_s": 0.1, "peak_rss_kb_wait4": 12044, "threads": 1, "workers": 4, "time": "2026-10-01T21:01:07", "status": "reused", "iterations": 125, "exploitability_pct_pot": 0.20922969823452217, "converged": true, "invariant_error_bb": 4.500464267920279e-08, "solve_s": 186.826458738}
{"board": "AcKc8c", "rc": 0, "wall_s": 0.1, "peak_rss_kb_wait4": 12044, "threads": 1, "workers": 4, "time": "2026-10-01T21:01:07", "status": "reused", "iterations": 125, "exploitability_pct_pot": 0.2177663430654425, "converged": true, "invariant_error_bb": 4.629540129030829e-08, "solve_s": 184.622075217}
{"board": "Ac9c6c", "rc": 0, "wall_s": 0.1, "peak_rss_kb_wait4": 12044, "threads": 1, "workers": 4, "time": "2026-10-01T21:01:07", "status": "reused", "iterations": 125, "exploitability_pct_pot": 0.23199481574047304, "converged": true, "invariant_error_bb": 2.3530226656021114e-09, "solve_s": 187.125439865}
{"board": "AcQc4c", "rc": 0, "wall_s": 0.0, "peak_rss_kb_wait4": 12044, "threads": 1, "workers": 4, "time": "2026-10-01T21:01:07", "status": "reused", "iterations": 125, "exploitability_pct_pot": 0.21584567584611766, "converged": true, "invariant_error_bb": -3.2709502661987244e-08, "solve_s": 178.145752616}
{"board": "AcKc7c", "rc": 0, "wall_s": 0.0, "peak_rss_kb_wait4": 12044, "threads": 1, "workers": 4, "time": "2026-10-01T21:01:07", "status": "reused", "iterations": 125, "exploitability_pct_pot": 0.2183036105633196, "converged": true, "invariant_error_bb": 1.2146060157647298e-08, "solve_s": 176.613467582}
{"board": "Tc8c7c", "rc": 0, "wall_s": 0.0, "peak_rss_kb_wait4": 12172, "threads": 1, "workers": 4, "time": "2026-10-01T21:01:07", "status": "reused", "iterations": 100, "exploitability_pct_pot": 0.2844347193203651, "converged": true, "invariant_error_bb": -1.4466614572938852e-08, "solve_s": 142.311366715}
{"board": "8c7c2c", "rc": 0, "wall_s": 0.0, "peak_rss_kb_wait4": 12172, "threads": 1, "workers": 4, "time": "2026-10-01T21:01:07", "status": "reused", "iterations": 125, "exploitability_pct_pot": 0.20425231820644188, "converged": true, "invariant_error_bb": -6.362400384318789e-09, "solve_s": 180.826538157}
{"board": "Tc3c2c", "rc": 0, "wall_s": 0.0, "peak_rss_kb_wait4": 12172, "threads": 1, "workers": 4, "time": "2026-10-01T21:01:07", "status": "reused", "iterations": 125, "exploitability_pct_pot": 0.22445077190582594, "converged": true, "invariant_error_bb": 7.641828503324177e-09, "solve_s": 175.237543073}
{"board": "Tc7c6c", "rc": 0, "wall_s": 0.0, "peak_rss_kb_wait4": 12172, "threads": 1, "workers": 4, "time": "2026-10-01T21:01:07", "status": "reused", "iterations": 100, "exploitability_pct_pot": 0.2958666810144989, "converged": true, "invariant_error_bb": -1.626578161051384e-08, "solve_s": 145.668912741}
{"board": "Jc8c7c", "rc": 0, "wall_s": 0.0, "peak_rss_kb_wait4": 12172, "threads": 1, "workers": 4, "time": "2026-10-01T21:01:07", "status": "reused", "iterations": 125, "exploitability_pct_pot": 0.20976407664576174, "converged": true, "invariant_error_bb": 2.6054198798419748e-09, "solve_s": 181.494142467}
{"board": "Jc9c4c", "rc": 0, "wall_s": 0.0, "peak_rss_kb_wait4": 12172, "threads": 1, "workers": 4, "time": "2026-10-01T21:01:07", "status": "reused", "iterations": 125, "exploitability_pct_pot": 0.20800532130041452, "converged": true, "invariant_error_bb": 9.760642072365044e-09, "solve_s": 182.29906896}
{"board": "KcTc4c", "rc": 0, "wall_s": 0.0, "peak_rss_kb_wait4": 12172, "threads": 1, "workers": 4, "time": "2026-10-01T21:01:07", "status": "reused", "iterations": 125, "exploitability_pct_pot": 0.2177983697305555, "converged": true, "invariant_error_bb": 1.7515423778036165e-08, "solve_s": 185.309283318}
{"board": "Qc4c2c", "rc": 0, "wall_s": 0.0, "peak_rss_kb_wait4": 12172, "threads": 1, "workers": 4, "time": "2026-10-01T21:01:07", "status": "reused", "iterations": 125, "exploitability_pct_pot": 0.2176446473876418, "converged": true, "invariant_error_bb": -6.611533898137623e-08, "solve_s": 182.762498802}
{"board": "Qc9c2c", "rc": 0, "wall_s": 0.0, "peak_rss_kb_wait4": 12172, "threads": 1, "workers": 4, "time": "2026-10-01T21:01:07", "status": "reused", "iterations": 125, "exploitability_pct_pot": 0.2160557498027245, "converged": true, "invariant_error_bb": 3.435626805270431e-08, "solve_s": 173.308923884}
{"board": "KcJc7c", "rc": 0, "wall_s": 0.0, "peak_rss_kb_wait4": 12172, "threads": 1, "workers": 4, "time": "2026-10-01T21:01:07", "status": "reused", "iterations": 125, "exploitability_pct_pot": 0.2061257978470852, "converged": true, "invariant_error_bb": 2.486169492499357e-09, "solve_s": 183.907614815}
{"board": "QcJc9c", "rc": 0, "wall_s": 0.0, "peak_rss_kb_wait4": 12172, "threads": 1, "workers": 4, "time": "2026-10-01T21:01:07", "status": "reused", "iterations": 125, "exploitability_pct_pot": 0.20775417778519564, "converged": true, "invariant_error_bb": -2.2924171005911376e-08, "solve_s": 186.017463417}
{"board": "QcJc3c", "rc": 0, "wall_s": 0.0, "peak_rss_kb_wait4": 12172, "threads": 1, "workers": 4, "time": "2026-10-01T21:01:07", "status": "reused", "iterations": 125, "exploitability_pct_pot": 0.207775786593474, "converged": true, "invariant_error_bb": -3.376724411197074e-08, "solve_s": 171.627834033}
{"board": "Ac4h4d", "rc": 0, "wall_s": 0.0, "peak_rss_kb_wait4": 12172, "threads": 1, "workers": 4, "time": "2026-10-01T21:01:07", "status": "reused", "iterations": 125, "exploitability_pct_pot": 0.26506319530206024, "converged": true, "invariant_error_bb": 4.036995804312937e-08, "solve_s": 574.58196957}
{"board": "AdAc5c", "rc": 0, "wall_s": 0.0, "peak_rss_kb_wait4": 12172, "threads": 1, "workers": 4, "time": "2026-10-01T21:01:07", "status": "reused", "iterations": 100, "exploitability_pct_pot": 0.23648268204218373, "converged": true, "invariant_error_bb": -5.8946145742311273e-08, "solve_s": 289.230096705}
{"board": "Ac2d2c", "rc": 0, "wall_s": 0.0, "peak_rss_kb_wait4": 12172, "threads": 1, "workers": 4, "time": "2026-10-01T21:01:07", "status": "reused", "iterations": 125, "exploitability_pct_pot": 0.24101469357843638, "converged": true, "invariant_error_bb": 1.6878127340191895e-08, "solve_s": 351.125164686}
{"board": "Ac8d8c", "rc": 0, "wall_s": 0.0, "peak_rss_kb_wait4": 12172, "threads": 1, "workers": 4, "time": "2026-10-01T21:01:07", "status": "reused", "iterations": 125, "exploitability_pct_pot": 0.2500555698073179, "converged": true, "invariant_error_bb": -3.9657539474546866e-09, "solve_s": 349.951127604}
{"board": "Ac6d6c", "rc": 0, "wall_s": 0.0, "peak_rss_kb_wait4": 12172, "threads": 1, "workers": 4, "time": "2026-10-01T21:01:07", "status": "reused", "iterations": 125, "exploitability_pct_pot": 0.22587398370724765, "converged": true, "invariant_error_bb": -4.415719878636537e-08, "solve_s": 345.054761646}
{"board": "AdAcJh", "rc": 0, "wall_s": 0.0, "peak_rss_kb_wait4": 12172, "threads": 1, "workers": 4, "time": "2026-10-01T21:01:07", "status": "reused", "iterations": 100, "exploitability_pct_pot": 0.2545446443448609, "converged": true, "invariant_error_bb": 2.689834310842798e-08, "solve_s": 463.35463162}
{"board": "5d5c4c", "rc": 0, "wall_s": 0.0, "peak_rss_kb_wait4": 12172, "threads": 1, "workers": 4, "time": "2026-10-01T21:01:07", "status": "reused", "iterations": 125, "exploitability_pct_pot": 0.25073618621009713, "converged": true, "invariant_error_bb": -3.261181014124759e-08, "solve_s": 357.18554799}
{"board": "5c2h2d", "rc": 0, "wall_s": 0.0, "peak_rss_kb_wait4": 12172, "threads": 1, "workers": 4, "time": "2026-10-01T21:01:07", "status": "reused", "iterations": 125, "exploitability_pct_pot": 0.24735883467016292, "converged": true, "invariant_error_bb": -6.043945788292149e-09, "solve_s": 582.752077399}
{"board": "Tc8h8d", "rc": 0, "wall_s": 0.0, "peak_rss_kb_wait4": 12172, "threads": 1, "workers": 4, "time": "2026-10-01T21:01:07", "status": "reused", "iterations": 125, "exploitability_pct_pot": 0.2581686140499926, "converged": true, "invariant_error_bb": -1.9174368759422578e-08, "solve_s": 581.727652807}
{"board": "JdJc4c", "rc": 0, "wall_s": 0.0, "peak_rss_kb_wait4": 12172, "threads": 1, "workers": 4, "time": "2026-10-01T21:01:07", "status": "reused", "iterations": 100, "exploitability_pct_pot": 0.27711294478002196, "converged": true, "invariant_error_bb": 3.455893615722516e-08, "solve_s": 286.321157305}
{"board": "6c3d3c", "rc": 0, "wall_s": 0.0, "peak_rss_kb_wait4": 12172, "threads": 1, "workers": 4, "time": "2026-10-01T21:01:07", "status": "reused", "iterations": 125, "exploitability_pct_pot": 0.23211892981149, "converged": true, "invariant_error_bb": -4.211649873298029e-08, "solve_s": 353.883012206}
{"board": "8d8c7c", "rc": 0, "wall_s": 0.0, "peak_rss_kb_wait4": 12172, "threads": 1, "workers": 4, "time": "2026-10-01T21:01:07", "status": "reused", "iterations": 100, "exploitability_pct_pot": 0.2980109478053045, "converged": true, "invariant_error_bb": 4.272694198448335e-09, "solve_s": 285.888892245}
{"board": "QdQc2c", "rc": 0, "wall_s": 0.0, "peak_rss_kb_wait4": 12172, "threads": 1, "workers": 4, "time": "2026-10-01T21:01:07", "status": "reused", "iterations": 125, "exploitability_pct_pot": 0.20450128567418382, "converged": true, "invariant_error_bb": 5.827711646588796e-10, "solve_s": 353.367843768}
{"board": "QdQc5h", "rc": 0, "wall_s": 0.0, "peak_rss_kb_wait4": 12172, "threads": 1, "workers": 4, "time": "2026-10-01T21:01:07", "status": "reused", "iterations": 100, "exploitability_pct_pot": 0.2966646354090177, "converged": true, "invariant_error_bb": 2.2857506998263943e-08, "solve_s": 466.39408428}
{"board": "Kc7d7c", "rc": 0, "wall_s": 0.0, "peak_rss_kb_wait4": 12172, "threads": 1, "workers": 4, "time": "2026-10-01T21:01:07", "status": "reused", "iterations": 125, "exploitability_pct_pot": 0.2664976694575156, "converged": true, "invariant_error_bb": -1.950205685830042e-08, "solve_s": 353.225746417}
{"board": "QcJdJc", "rc": 0, "wall_s": 0.0, "peak_rss_kb_wait4": 12172, "threads": 1, "workers": 4, "time": "2026-10-01T21:01:07", "status": "reused", "iterations": 125, "exploitability_pct_pot": 0.24099952909120148, "converged": true, "invariant_error_bb": 1.4643608103881434e-08, "solve_s": 360.657049526}
{"board": "QdQc8h", "rc": 0, "wall_s": 0.0, "peak_rss_kb_wait4": 12172, "threads": 1, "workers": 4, "time": "2026-10-01T21:01:07", "status": "reused", "iterations": 125, "exploitability_pct_pot": 0.24628668904637338, "converged": true, "invariant_error_bb": 1.628902968064949e-08, "solve_s": 580.340145285}
{"board": "Ac7d6h", "rc": 0, "wall_s": 0.0, "peak_rss_kb_wait4": 12172, "threads": 1, "workers": 4, "time": "2026-10-01T21:01:07", "status": "reused", "iterations": 100, "exploitability_pct_pot": 0.23217312964326406, "converged": true, "invariant_error_bb": -2.8114069294815636e-08, "solve_s": 466.0117512769999}
{"board": "AcKd3h", "rc": 0, "wall_s": 0.0, "peak_rss_kb_wait4": 12172, "threads": 1, "workers": 4, "time": "2026-10-01T21:01:07", "status": "reused", "iterations": 100, "exploitability_pct_pot": 0.288798067204187, "converged": true, "invariant_error_bb": -1.1716995373944883e-08, "solve_s": 464.787551267}
{"board": "Ac8d2h", "rc": 0, "wall_s": 0.0, "peak_rss_kb_wait4": 12172, "threads": 1, "workers": 4, "time": "2026-10-01T21:01:07", "status": "reused", "iterations": 100, "exploitability_pct_pot": 0.2566407301250009, "converged": true, "invariant_error_bb": -1.1367227159553295e-09, "solve_s": 468.962343886}
{"board": "KdKc5h", "rc": 0, "wall_s": 0.0, "peak_rss_kb_wait4": 12172, "threads": 1, "workers": 4, "time": "2026-10-01T21:01:07", "status": "reused", "iterations": 100, "exploitability_pct_pot": 0.24332821694968235, "converged": true, "invariant_error_bb": 1.0126404603738592e-08, "solve_s": 464.550498026}
{"board": "AcQd9h", "rc": 0, "wall_s": 0.0, "peak_rss_kb_wait4": 12172, "threads": 1, "workers": 4, "time": "2026-10-01T21:01:07", "status": "reused", "iterations": 100, "exploitability_pct_pot": 0.2967133781633916, "converged": true, "invariant_error_bb": -2.9766296094635436e-09, "solve_s": 467.838498691}
{"board": "AcKdJh", "rc": 0, "wall_s": 0.0, "peak_rss_kb_wait4": 12172, "threads": 1, "workers": 4, "time": "2026-10-01T21:01:07", "status": "reused", "iterations": 125, "exploitability_pct_pot": 0.28283444174446815, "converged": true, "invariant_error_bb": 7.079810515620011e-09, "solve_s": 579.844767086}
{"board": "Ac8d5h", "rc": 0, "wall_s": 0.0, "peak_rss_kb_wait4": 12172, "threads": 1, "workers": 4, "time": "2026-10-01T21:01:07", "status": "reused", "iterations": 100, "exploitability_pct_pot": 0.2532989526219859, "converged": true, "invariant_error_bb": -2.136810373087883e-08, "solve_s": 463.629011248}
{"board": "9c5d4h", "rc": 0, "wall_s": 0.0, "peak_rss_kb_wait4": 12172, "threads": 1, "workers": 4, "time": "2026-10-01T21:01:07", "status": "reused", "iterations": 100, "exploitability_pct_pot": 0.29547110876376287, "converged": true, "invariant_error_bb": 3.5423894928499067e-09, "solve_s": 469.999360948}
{"board": "4c3d2h", "rc": 0, "wall_s": 0.0, "peak_rss_kb_wait4": 12172, "threads": 1, "workers": 4, "time": "2026-10-01T21:01:07", "status": "reused", "iterations": 100, "exploitability_pct_pot": 0.2871581415907867, "converged": true, "invariant_error_bb": -8.324649414248597e-09, "solve_s": 453.761041093}
{"board": "8c6d5h", "rc": 0, "wall_s": 0.0, "peak_rss_kb_wait4": 12172, "threads": 1, "workers": 4, "time": "2026-10-01T21:01:07", "status": "reused", "iterations": 100, "exploitability_pct_pot": 0.27030683046014614, "converged": true, "invariant_error_bb": -2.1827551321962346e-08, "solve_s": 461.214501571}
{"board": "Jc9d3h", "rc": 0, "wall_s": 0.0, "peak_rss_kb_wait4": 12172, "threads": 1, "workers": 4, "time": "2026-10-01T21:01:07", "status": "reused", "iterations": 100, "exploitability_pct_pot": 0.28059121957892535, "converged": true, "invariant_error_bb": -2.0990905902351642e-08, "solve_s": 469.754072382}
{"board": "Jc4d3h", "rc": 0, "wall_s": 0.0, "peak_rss_kb_wait4": 12172, "threads": 1, "workers": 4, "time": "2026-10-01T21:01:07", "status": "reused", "iterations": 100, "exploitability_pct_pot": 0.2810174030661411, "converged": true, "invariant_error_bb": -2.002837007353264e-09, "solve_s": 456.697891652}
{"board": "6c4d3h", "rc": 0, "wall_s": 0.0, "peak_rss_kb_wait4": 12172, "threads": 1, "workers": 4, "time": "2026-10-01T21:01:07", "status": "reused", "iterations": 100, "exploitability_pct_pot": 0.27296183975161503, "converged": true, "invariant_error_bb": -2.3888071076783035e-08, "solve_s": 458.039446033}
{"board": "Kc6d4h", "rc": 0, "wall_s": 0.0, "peak_rss_kb_wait4": 12172, "threads": 1, "workers": 4, "time": "2026-10-01T21:01:07", "status": "reused", "iterations": 100, "exploitability_pct_pot": 0.24854728621271313, "converged": true, "invariant_error_bb": -2.3988091513160725e-09, "solve_s": 468.877398366}
{"board": "KcQd7h", "rc": 0, "wall_s": 0.0, "peak_rss_kb_wait4": 12172, "threads": 1, "workers": 4, "time": "2026-10-01T21:01:07", "status": "reused", "iterations": 100, "exploitability_pct_pot": 0.28166980923583496, "converged": true, "invariant_error_bb": -1.2416897732236976e-08, "solve_s": 460.956991017}
{"board": "Qc9d4h", "rc": 0, "wall_s": 0.0, "peak_rss_kb_wait4": 12172, "threads": 1, "workers": 4, "time": "2026-10-01T21:01:07", "status": "reused", "iterations": 125, "exploitability_pct_pot": 0.21336779833242905, "converged": true, "invariant_error_bb": 8.414039243120897e-09, "solve_s": 576.627809018}
{"board": "QcTd7h", "rc": 0, "wall_s": 0.0, "peak_rss_kb_wait4": 12172, "threads": 1, "workers": 4, "time": "2026-10-01T21:01:07", "status": "reused", "iterations": 100, "exploitability_pct_pot": 0.28708712610440634, "converged": true, "invariant_error_bb": -3.781706769956372e-08, "solve_s": 462.465603563}
{"board": "Ac8d5c", "rc": 0, "wall_s": 0.0, "peak_rss_kb_wait4": 12172, "threads": 1, "workers": 4, "time": "2026-10-01T21:01:07", "status": "reused", "iterations": 100, "exploitability_pct_pot": 0.23505136372709937, "converged": true, "invariant_error_bb": 2.4490502070761977e-08, "solve_s": 284.385469115}
{"board": "Ac9d7d", "rc": 0, "wall_s": 0.0, "peak_rss_kb_wait4": 12172, "threads": 1, "workers": 4, "time": "2026-10-01T21:01:07", "status": "reused", "iterations": 100, "exploitability_pct_pot": 0.2318193744548669, "converged": true, "invariant_error_bb": 9.739467010660974e-09, "solve_s": 286.501697986}
{"board": "Kc7d3h", "rc": 0, "wall_s": 0.0, "peak_rss_kb_wait4": 12172, "threads": 1, "workers": 4, "time": "2026-10-01T21:01:07", "status": "reused", "iterations": 100, "exploitability_pct_pot": 0.2954353565130569, "converged": true, "invariant_error_bb": -7.03873137553046e-09, "solve_s": 464.165803045}
{"board": "AcQdJd", "rc": 0, "wall_s": 0.0, "peak_rss_kb_wait4": 12172, "threads": 1, "workers": 4, "time": "2026-10-01T21:01:07", "status": "reused", "iterations": 125, "exploitability_pct_pot": 0.2523207341614847, "converged": true, "invariant_error_bb": -6.290534315667173e-09, "solve_s": 360.182322113}
{"board": "Ac7c6d", "rc": 0, "wall_s": 0.0, "peak_rss_kb_wait4": 12172, "threads": 1, "workers": 4, "time": "2026-10-01T21:01:07", "status": "reused", "iterations": 100, "exploitability_pct_pot": 0.23452834566240477, "converged": true, "invariant_error_bb": -2.7522233381205297e-09, "solve_s": 287.344117923}
{"board": "AcKd4d", "rc": 0, "wall_s": 0.0, "peak_rss_kb_wait4": 12172, "threads": 1, "workers": 4, "time": "2026-10-01T21:01:07", "status": "reused", "iterations": 125, "exploitability_pct_pot": 0.2378812399377909, "converged": true, "invariant_error_bb": 6.527759666141719e-09, "solve_s": 361.999748022}
{"board": "AcTc2d", "rc": 0, "wall_s": 0.0, "peak_rss_kb_wait4": 12172, "threads": 1, "workers": 4, "time": "2026-10-01T21:01:07", "status": "reused", "iterations": 100, "exploitability_pct_pot": 0.24678564292404115, "converged": true, "invariant_error_bb": 5.507645894908819e-09, "solve_s": 289.160066011}
{"board": "6c5d2c", "rc": 0, "wall_s": 0.0, "peak_rss_kb_wait4": 12172, "threads": 1, "workers": 4, "time": "2026-10-01T21:01:07", "status": "reused", "iterations": 100, "exploitability_pct_pot": 0.2636502566202049, "converged": true, "invariant_error_bb": -1.2327721066185404e-08, "solve_s": 287.028752555}
{"board": "Kc8d6h", "rc": 0, "wall_s": 0.0, "peak_rss_kb_wait4": 12172, "threads": 1, "workers": 4, "time": "2026-10-01T21:01:07", "status": "reused", "iterations": 100, "exploitability_pct_pot": 0.2569737154236251, "converged": true, "invariant_error_bb": -1.349481237866712e-08, "solve_s": 458.169030209}
{"board": "Tc9c2d", "rc": 0, "wall_s": 0.0, "peak_rss_kb_wait4": 12172, "threads": 1, "workers": 4, "time": "2026-10-01T21:01:07", "status": "reused", "iterations": 100, "exploitability_pct_pot": 0.25069331892992686, "converged": true, "invariant_error_bb": -1.1298381785707079e-08, "solve_s": 291.837635029}
{"board": "7c3d2d", "rc": 0, "wall_s": 0.0, "peak_rss_kb_wait4": 12172, "threads": 1, "workers": 4, "time": "2026-10-01T21:01:07", "status": "reused", "iterations": 100, "exploitability_pct_pot": 0.28501033721441416, "converged": true, "invariant_error_bb": 1.8362573683816663e-08, "solve_s": 288.004799798}
{"board": "JcTd3c", "rc": 0, "wall_s": 0.0, "peak_rss_kb_wait4": 12172, "threads": 1, "workers": 4, "time": "2026-10-01T21:01:07", "status": "reused", "iterations": 100, "exploitability_pct_pot": 0.2429135128122877, "converged": true, "invariant_error_bb": -2.656727282612792e-08, "solve_s": 286.554067433}
{"board": "Tc6d4d", "rc": 0, "wall_s": 0.0, "peak_rss_kb_wait4": 12172, "threads": 1, "workers": 4, "time": "2026-10-01T21:01:07", "status": "reused", "iterations": 100, "exploitability_pct_pot": 0.26622555336398934, "converged": true, "invariant_error_bb": 5.398193891892333e-09, "solve_s": 282.344931376}
{"board": "Qc6c2d", "rc": 0, "wall_s": 0.0, "peak_rss_kb_wait4": 12172, "threads": 1, "workers": 4, "time": "2026-10-01T21:01:07", "status": "reused", "iterations": 100, "exploitability_pct_pot": 0.29687045498720305, "converged": true, "invariant_error_bb": -1.852927056233966e-08, "solve_s": 290.910528913}
{"board": "Qc9d4d", "rc": 0, "wall_s": 0.0, "peak_rss_kb_wait4": 12172, "threads": 1, "workers": 4, "time": "2026-10-01T21:01:07", "status": "reused", "iterations": 100, "exploitability_pct_pot": 0.287308559861262, "converged": true, "invariant_error_bb": 2.675833776777381e-09, "solve_s": 293.603063086}
{"board": "Kc6c4d", "rc": 0, "wall_s": 0.0, "peak_rss_kb_wait4": 12172, "threads": 1, "workers": 4, "time": "2026-10-01T21:01:07", "status": "reused", "iterations": 100, "exploitability_pct_pot": 0.2576291173146681, "converged": true, "invariant_error_bb": -3.1011477830134027e-09, "solve_s": 297.150375952}
{"board": "KcQdTd", "rc": 0, "wall_s": 0.0, "peak_rss_kb_wait4": 12172, "threads": 1, "workers": 4, "time": "2026-10-01T21:01:07", "status": "reused", "iterations": 125, "exploitability_pct_pot": 0.28619812740859896, "converged": true, "invariant_error_bb": -1.2223850376358314e-08, "solve_s": 369.282329948}
{"board": "JcTd6d", "rc": 0, "wall_s": 0.0, "peak_rss_kb_wait4": 12172, "threads": 1, "workers": 4, "time": "2026-10-01T21:01:07", "status": "reused", "iterations": 100, "exploitability_pct_pot": 0.24269434480142377, "converged": true, "invariant_error_bb": -1.9555038477392372e-08, "solve_s": 288.387806821}
{"board": "KcTc8d", "rc": 0, "wall_s": 0.0, "peak_rss_kb_wait4": 12172, "threads": 1, "workers": 4, "time": "2026-10-01T21:01:07", "status": "reused", "iterations": 100, "exploitability_pct_pot": 0.2583778925329313, "converged": true, "invariant_error_bb": 2.971759727188328e-09, "solve_s": 294.58244266300005}
{"board": "Kc5d3c", "rc": 0, "wall_s": 0.0, "peak_rss_kb_wait4": 12172, "threads": 1, "workers": 4, "time": "2026-10-01T21:01:07", "status": "reused", "iterations": 100, "exploitability_pct_pot": 0.28735117887725237, "converged": true, "invariant_error_bb": -1.6160774052309534e-08, "solve_s": 291.296967055}
finished in 0.0 min; failed: []
72 boards, 31 artifacts present (verified by the solver on reuse), 41 to solve; workers 4 x threads 1; MemAvailable 15.2 GB
{"board": "Ac9c6c", "rc": 0, "wall_s": 0.0, "peak_rss_kb_wait4": 12104, "threads": 1, "workers": 4, "time": "2026-10-01T21:01:07", "status": "reused", "iterations": 125, "exploitability_pct_pot": 0.2656329537930087, "converged": true, "invariant_error_bb": -4.633297301381845e-09, "solve_s": 177.787613977}
{"board": "Ac6c5c", "rc": 0, "wall_s": 0.0, "peak_rss_kb_wait4": 12104, "threads": 1, "workers": 4, "time": "2026-10-01T21:01:07", "status": "reused", "iterations": 175, "exploitability_pct_pot": 0.21910732163871685, "converged": true, "invariant_error_bb": -2.6423553123322563e-08, "solve_s": 244.078629097}
{"board": "Ac6c4c", "rc": 0, "wall_s": 0.0, "peak_rss_kb_wait4": 12104, "threads": 1, "workers": 4, "time": "2026-10-01T21:01:07", "status": "reused", "iterations": 125, "exploitability_pct_pot": 0.2819862683744113, "converged": true, "invariant_error_bb": -9.705312109531405e-10, "solve_s": 175.995564156}
{"board": "AcKc8c", "rc": 0, "wall_s": 0.0, "peak_rss_kb_wait4": 12104, "threads": 1, "workers": 4, "time": "2026-10-01T21:01:07", "status": "reused", "iterations": 125, "exploitability_pct_pot": 0.23955565844089108, "converged": true, "invariant_error_bb": 1.215914657848316e-08, "solve_s": 175.970194045}
{"board": "AcQc4c", "rc": 0, "wall_s": 0.0, "peak_rss_kb_wait4": 12104, "threads": 1, "workers": 4, "time": "2026-10-01T21:01:07", "status": "reused", "iterations": 125, "exploitability_pct_pot": 0.235601018958191, "converged": true, "invariant_error_bb": -4.9798854817595384e-08, "solve_s": 170.50264321}
{"board": "AcKc7c", "rc": 0, "wall_s": 0.0, "peak_rss_kb_wait4": 12232, "threads": 1, "workers": 4, "time": "2026-10-01T21:01:07", "status": "reused", "iterations": 125, "exploitability_pct_pot": 0.24145292431700938, "converged": true, "invariant_error_bb": -2.91428827736695e-08, "solve_s": 173.178020973}
{"board": "Tc8c7c", "rc": 0, "wall_s": 0.0, "peak_rss_kb_wait4": 12232, "threads": 1, "workers": 4, "time": "2026-10-01T21:01:07", "status": "reused", "iterations": 125, "exploitability_pct_pot": 0.24230735166059378, "converged": true, "invariant_error_bb": -5.028197946899127e-08, "solve_s": 175.056406022}
{"board": "Tc3c2c", "rc": 0, "wall_s": 0.0, "peak_rss_kb_wait4": 12232, "threads": 1, "workers": 4, "time": "2026-10-01T21:01:07", "status": "reused", "iterations": 125, "exploitability_pct_pot": 0.27825282036088733, "converged": true, "invariant_error_bb": 3.622684729975845e-08, "solve_s": 172.535981369}
{"board": "8c7c2c", "rc": 0, "wall_s": 0.0, "peak_rss_kb_wait4": 12232, "threads": 1, "workers": 4, "time": "2026-10-01T21:01:07", "status": "reused", "iterations": 125, "exploitability_pct_pot": 0.2492164146089972, "converged": true, "invariant_error_bb": -9.6055750020696e-09, "solve_s": 181.752154584}
{"board": "Tc7c6c", "rc": 0, "wall_s": 0.0, "peak_rss_kb_wait4": 12232, "threads": 1, "workers": 4, "time": "2026-10-01T21:01:07", "status": "reused", "iterations": 125, "exploitability_pct_pot": 0.2623237028846764, "converged": true, "invariant_error_bb": 4.292379784942568e-08, "solve_s": 182.527249856}
{"board": "Jc8c7c", "rc": 0, "wall_s": 0.0, "peak_rss_kb_wait4": 12232, "threads": 1, "workers": 4, "time": "2026-10-01T21:01:07", "status": "reused", "iterations": 125, "exploitability_pct_pot": 0.23538016591960853, "converged": true, "invariant_error_bb": -1.5444193479652313e-08, "solve_s": 184.136403157}
{"board": "Jc9c4c", "rc": 0, "wall_s": 0.0, "peak_rss_kb_wait4": 12232, "threads": 1, "workers": 4, "time": "2026-10-01T21:01:07", "status": "reused", "iterations": 125, "exploitability_pct_pot": 0.21692180208926795, "converged": true, "invariant_error_bb": -3.9670362106392076e-08, "solve_s": 185.683240853}
{"board": "KcTc4c", "rc": 0, "wall_s": 0.0, "peak_rss_kb_wait4": 12232, "threads": 1, "workers": 4, "time": "2026-10-01T21:01:07", "status": "reused", "iterations": 125, "exploitability_pct_pot": 0.2617197104580123, "converged": true, "invariant_error_bb": 2.6016463650080368e-08, "solve_s": 185.645165282}
{"board": "Qc4c2c", "rc": 0, "wall_s": 0.0, "peak_rss_kb_wait4": 12232, "threads": 1, "workers": 4, "time": "2026-10-01T21:01:07", "status": "reused", "iterations": 150, "exploitability_pct_pot": 0.24736137059711308, "converged": true, "invariant_error_bb": 4.137657327873967e-09, "solve_s": 218.283888088}
{"board": "KcJc7c", "rc": 0, "wall_s": 0.0, "peak_rss_kb_wait4": 12232, "threads": 1, "workers": 4, "time": "2026-10-01T21:01:07", "status": "reused", "iterations": 125, "exploitability_pct_pot": 0.21990656362247799, "converged": true, "invariant_error_bb": -1.082913403394059e-08, "solve_s": 183.412923144}
{"board": "QcJc9c", "rc": 0, "wall_s": 0.0, "peak_rss_kb_wait4": 12232, "threads": 1, "workers": 4, "time": "2026-10-01T21:01:07", "status": "reused", "iterations": 125, "exploitability_pct_pot": 0.18659067154625156, "converged": true, "invariant_error_bb": 1.4886095911492703e-08, "solve_s": 177.807713211}
{"board": "Qc9c2c", "rc": 0, "wall_s": 0.0, "peak_rss_kb_wait4": 12232, "threads": 1, "workers": 4, "time": "2026-10-01T21:01:07", "status": "reused", "iterations": 125, "exploitability_pct_pot": 0.2308598494330072, "converged": true, "invariant_error_bb": -3.6620184218350005e-08, "solve_s": 178.575358839}
{"board": "QcJc3c", "rc": 0, "wall_s": 0.0, "peak_rss_kb_wait4": 12232, "threads": 1, "workers": 4, "time": "2026-10-01T21:01:07", "status": "reused", "iterations": 125, "exploitability_pct_pot": 0.24825878180870686, "converged": true, "invariant_error_bb": 1.8620099240251875e-08, "solve_s": 177.699593403}
{"board": "Ac4h4d", "rc": 0, "wall_s": 0.0, "peak_rss_kb_wait4": 12232, "threads": 1, "workers": 4, "time": "2026-10-01T21:01:07", "status": "reused", "iterations": 175, "exploitability_pct_pot": 0.2572338155102534, "converged": true, "invariant_error_bb": -5.3565861080073773e-08, "solve_s": 869.248319712}
{"board": "AdAc5c", "rc": 0, "wall_s": 0.0, "peak_rss_kb_wait4": 12232, "threads": 1, "workers": 4, "time": "2026-10-01T21:01:07", "status": "reused", "iterations": 125, "exploitability_pct_pot": 0.24043845772342923, "converged": true, "invariant_error_bb": -3.61263330361794e-08, "solve_s": 382.28761392}
{"board": "Ac2d2c", "rc": 0, "wall_s": 0.0, "peak_rss_kb_wait4": 12232, "threads": 1, "workers": 4, "time": "2026-10-01T21:01:07", "status": "reused", "iterations": 150, "exploitability_pct_pot": 0.2416004602243338, "converged": true, "invariant_error_bb": -1.1294636337311204e-08, "solve_s": 455.752774478}
{"board": "Ac8d8c", "rc": 0, "wall_s": 0.0, "peak_rss_kb_wait4": 12232, "threads": 1, "workers": 4, "time": "2026-10-01T21:01:07", "status": "reused", "iterations": 125, "exploitability_pct_pot": 0.2644154789242807, "converged": true, "invariant_error_bb": 4.974975098548384e-09, "solve_s": 384.887984898}
{"board": "Ac6d6c", "rc": 0, "wall_s": 0.0, "peak_rss_kb_wait4": 12232, "threads": 1, "workers": 4, "time": "2026-10-01T21:01:07", "status": "reused", "iterations": 150, "exploitability_pct_pot": 0.22753391778176468, "converged": true, "invariant_error_bb": -1.5001220710075813e-08, "solve_s": 489.577872156}
{"board": "AdAcJh", "rc": 0, "wall_s": 0.0, "peak_rss_kb_wait4": 12232, "threads": 1, "workers": 4, "time": "2026-10-01T21:01:07", "status": "reused", "iterations": 125, "exploitability_pct_pot": 0.2315264813325638, "converged": true, "invariant_error_bb": -1.5227969107911576e-08, "solve_s": 645.757476965}
{"board": "5d5c4c", "rc": 0, "wall_s": 0.0, "peak_rss_kb_wait4": 12232, "threads": 1, "workers": 4, "time": "2026-10-01T21:01:07", "status": "reused", "iterations": 125, "exploitability_pct_pot": 0.2293092176442307, "converged": true, "invariant_error_bb": 1.487979695014019e-08, "solve_s": 365.413091299}
{"board": "5c2h2d", "rc": 0, "wall_s": 0.0, "peak_rss_kb_wait4": 12232, "threads": 1, "workers": 4, "time": "2026-10-01T21:01:07", "status": "reused", "iterations": 125, "exploitability_pct_pot": 0.23997925118450578, "converged": true, "invariant_error_bb": -1.5699502142751953e-08, "solve_s": 664.216036692}
{"board": "Tc8h8d", "rc": 0, "wall_s": 0.0, "peak_rss_kb_wait4": 12232, "threads": 1, "workers": 4, "time": "2026-10-01T21:01:07", "status": "reused", "iterations": 125, "exploitability_pct_pot": 0.26765752690528805, "converged": true, "invariant_error_bb": -2.1115658555004302e-08, "solve_s": 671.7562620159999}
{"board": "JdJc4c", "rc": 0, "wall_s": 0.0, "peak_rss_kb_wait4": 12232, "threads": 1, "workers": 4, "time": "2026-10-01T21:01:07", "status": "reused", "iterations": 100, "exploitability_pct_pot": 0.20673513311111943, "converged": true, "invariant_error_bb": -1.7402437713087693e-08, "solve_s": 341.862321897}
{"board": "6c3d3c", "rc": 0, "wall_s": 0.0, "peak_rss_kb_wait4": 12232, "threads": 1, "workers": 4, "time": "2026-10-01T21:01:07", "status": "reused", "iterations": 125, "exploitability_pct_pot": 0.23461244234280806, "converged": true, "invariant_error_bb": 2.7599925900290145e-08, "solve_s": 428.811448824}
{"board": "8d8c7c", "rc": 0, "wall_s": 0.0, "peak_rss_kb_wait4": 12232, "threads": 1, "workers": 4, "time": "2026-10-01T21:01:07", "status": "reused", "iterations": 125, "exploitability_pct_pot": 0.2591700661553504, "converged": true, "invariant_error_bb": -2.068326665494169e-08, "solve_s": 388.895971666}
{"board": "QdQc2c", "rc": 0, "wall_s": 0.0, "peak_rss_kb_wait4": 12232, "threads": 1, "workers": 4, "time": "2026-10-01T21:01:07", "status": "reused", "iterations": 100, "exploitability_pct_pot": 0.2963037037323964, "converged": true, "invariant_error_bb": 1.052122478029105e-08, "solve_s": 299.542822394}
{"board": "QcJdJc", "rc": 0, "wall_s": 329.0, "peak_rss_kb_wait4": 2169488, "threads": 1, "workers": 4, "time": "2026-10-01T21:06:36", "status": "solved", "iterations": 100, "exploitability_pct_pot": 0.2644472694577127, "converged": true, "invariant_error_bb": -4.4658293951727046e-08, "solve_s": 321.011323148}
{"board": "Kc7d7c", "rc": 0, "wall_s": 480.5, "peak_rss_kb_wait4": 2169244, "threads": 1, "workers": 4, "time": "2026-10-01T21:09:08", "status": "solved", "iterations": 150, "exploitability_pct_pot": 0.2760450110930018, "converged": true, "invariant_error_bb": -3.7647316375455375e-08, "solve_s": 472.566802289}
{"board": "QdQc5h", "rc": 0, "wall_s": 518.9, "peak_rss_kb_wait4": 2174048, "threads": 1, "workers": 4, "time": "2026-10-01T21:09:46", "status": "solved", "iterations": 100, "exploitability_pct_pot": 0.26464912835435506, "converged": true, "invariant_error_bb": 6.814721231762633e-09, "solve_s": 508.63579452}
{"board": "Ac7d6h", "rc": 0, "wall_s": 632.6, "peak_rss_kb_wait4": 2171924, "threads": 1, "workers": 4, "time": "2026-10-01T21:19:40", "status": "solved", "iterations": 125, "exploitability_pct_pot": 0.21201822639538292, "converged": true, "invariant_error_bb": 1.569387997335525e-08, "solve_s": 623.156393332}
{"board": "AcKd3h", "rc": 0, "wall_s": 646.0, "peak_rss_kb_wait4": 2171844, "threads": 1, "workers": 4, "time": "2026-10-01T21:20:32", "status": "solved", "iterations": 125, "exploitability_pct_pot": 0.25358638103063896, "converged": true, "invariant_error_bb": -1.0856831877958939e-08, "solve_s": 636.3473048050001}
{"board": "QdQc8h", "rc": 0, "wall_s": 1020.9, "peak_rss_kb_wait4": 2172028, "threads": 1, "workers": 4, "time": "2026-10-01T21:23:37", "status": "solved", "iterations": 200, "exploitability_pct_pot": 0.22939697747477575, "converged": true, "invariant_error_bb": -2.249540020926588e-08, "solve_s": 1010.827891553}
{"board": "KdKc5h", "rc": 0, "wall_s": 1393.1, "peak_rss_kb_wait4": 2174072, "threads": 1, "workers": 4, "time": "2026-10-01T21:24:20", "status": "solved", "iterations": 275, "exploitability_pct_pot": 0.29688868881014646, "converged": true, "invariant_error_bb": -4.8504742444777094e-08, "solve_s": 1382.692008668}
{"board": "AcQd9h", "rc": 0, "wall_s": 566.9, "peak_rss_kb_wait4": 2172156, "threads": 1, "workers": 4, "time": "2026-10-01T21:29:59", "status": "solved", "iterations": 100, "exploitability_pct_pot": 0.2294943588938316, "converged": true, "invariant_error_bb": -7.302770832495753e-09, "solve_s": 555.077588986}
{"board": "Ac8d2h", "rc": 0, "wall_s": 697.8, "peak_rss_kb_wait4": 2174220, "threads": 1, "workers": 4, "time": "2026-10-01T21:31:18", "status": "solved", "iterations": 125, "exploitability_pct_pot": 0.20563933643001406, "converged": true, "invariant_error_bb": -2.856869407708018e-09, "solve_s": 685.565837006}
{"board": "AcKdJh", "rc": 0, "wall_s": 592.1, "peak_rss_kb_wait4": 2173996, "threads": 1, "workers": 4, "time": "2026-10-01T21:33:29", "status": "solved", "iterations": 100, "exploitability_pct_pot": 0.2788695576814947, "converged": true, "invariant_error_bb": -2.5568109407458905e-08, "solve_s": 580.839617044}
{"board": "Ac8d5h", "rc": 0, "wall_s": 709.4, "peak_rss_kb_wait4": 2173920, "threads": 1, "workers": 4, "time": "2026-10-01T21:36:10", "status": "solved", "iterations": 125, "exploitability_pct_pot": 0.20969946861079417, "converged": true, "invariant_error_bb": -1.354741385739544e-08, "solve_s": 699.503603633}
{"board": "9c5d4h", "rc": 0, "wall_s": 658.5, "peak_rss_kb_wait4": 2174180, "threads": 1, "workers": 4, "time": "2026-10-01T21:40:58", "status": "solved", "iterations": 125, "exploitability_pct_pot": 0.22396617993653808, "converged": true, "invariant_error_bb": -4.948611653787793e-08, "solve_s": 649.412162183}
{"board": "4c3d2h", "rc": 0, "wall_s": 626.9, "peak_rss_kb_wait4": 2173904, "threads": 1, "workers": 4, "time": "2026-10-01T21:41:45", "status": "solved", "iterations": 125, "exploitability_pct_pot": 0.23074950627814342, "converged": true, "invariant_error_bb": -5.13830400450388e-09, "solve_s": 618.54025788}
{"board": "8c6d5h", "rc": 0, "wall_s": 600.8, "peak_rss_kb_wait4": 2174076, "threads": 1, "workers": 4, "time": "2026-10-01T21:43:30", "status": "solved", "iterations": 125, "exploitability_pct_pot": 0.20956200302751235, "converged": true, "invariant_error_bb": -7.824404235634574e-09, "solve_s": 592.171761583}
{"board": "Jc9d3h", "rc": 0, "wall_s": 474.6, "peak_rss_kb_wait4": 2172924, "threads": 1, "workers": 4, "time": "2026-10-01T21:44:04", "status": "solved", "iterations": 100, "exploitability_pct_pot": 0.25421840430482595, "converged": true, "invariant_error_bb": 4.650821061602528e-09, "solve_s": 465.837624049}
{"board": "6c4d3h", "rc": 0, "wall_s": 445.5, "peak_rss_kb_wait4": 2172140, "threads": 1, "workers": 4, "time": "2026-10-01T21:49:10", "status": "solved", "iterations": 100, "exploitability_pct_pot": 0.28822539436184097, "converged": true, "invariant_error_bb": -7.286127257088992e-09, "solve_s": 436.289858479}
{"board": "Jc4d3h", "rc": 0, "wall_s": 564.6, "peak_rss_kb_wait4": 2173968, "threads": 1, "workers": 4, "time": "2026-10-01T21:50:22", "status": "solved", "iterations": 125, "exploitability_pct_pot": 0.2273906947522497, "converged": true, "invariant_error_bb": -2.304088475568733e-08, "solve_s": 555.486840569}
{"board": "Kc7d3h", "rc": 0, "wall_s": 470.1, "peak_rss_kb_wait4": 2173996, "threads": 1, "workers": 4, "time": "2026-10-01T21:51:20", "status": "solved", "iterations": 100, "exploitability_pct_pot": 0.2760557001934591, "converged": true, "invariant_error_bb": -8.778382465379764e-10, "solve_s": 460.860429241}
{"board": "Kc6d4h", "rc": 0, "wall_s": 473.4, "peak_rss_kb_wait4": 2172856, "threads": 1, "workers": 4, "time": "2026-10-01T21:51:58", "status": "solved", "iterations": 100, "exploitability_pct_pot": 0.29758696938782675, "converged": true, "invariant_error_bb": -2.9421991065703423e-08, "solve_s": 463.821679939}
{"board": "KcQd7h", "rc": 0, "wall_s": 501.6, "peak_rss_kb_wait4": 2173992, "threads": 1, "workers": 4, "time": "2026-10-01T21:57:32", "status": "solved", "iterations": 100, "exploitability_pct_pot": 0.2433273381062362, "converged": true, "invariant_error_bb": -2.0657949129088138e-08, "solve_s": 491.91137413800004}
{"board": "QcTd7h", "rc": 0, "wall_s": 504.1, "peak_rss_kb_wait4": 2171864, "threads": 1, "workers": 4, "time": "2026-10-01T21:59:44", "status": "solved", "iterations": 100, "exploitability_pct_pot": 0.2710415906873133, "converged": true, "invariant_error_bb": -5.109140666093026e-09, "solve_s": 494.289777501}
{"board": "Qc9d4h", "rc": 0, "wall_s": 629.6, "peak_rss_kb_wait4": 2174148, "threads": 1, "workers": 4, "time": "2026-10-01T22:00:52", "status": "solved", "iterations": 125, "exploitability_pct_pot": 0.208595370615586, "converged": true, "invariant_error_bb": 2.7000961466683293e-09, "solve_s": 620.335749933}
{"board": "Kc8d6h", "rc": 0, "wall_s": 624.6, "peak_rss_kb_wait4": 2173940, "threads": 1, "workers": 4, "time": "2026-10-01T22:02:22", "status": "solved", "iterations": 125, "exploitability_pct_pot": 0.21043384132694928, "converged": true, "invariant_error_bb": 2.5259332403493318e-09, "solve_s": 614.975618525}
{"board": "Ac8d5c", "rc": 0, "wall_s": 307.1, "peak_rss_kb_wait4": 2170264, "threads": 1, "workers": 4, "time": "2026-10-01T22:02:39", "status": "solved", "iterations": 100, "exploitability_pct_pot": 0.27887130474931643, "converged": true, "invariant_error_bb": -1.253076753471305e-09, "solve_s": 299.648933463}
{"board": "Ac9d7d", "rc": 0, "wall_s": 313.9, "peak_rss_kb_wait4": 2173988, "threads": 1, "workers": 4, "time": "2026-10-01T22:04:58", "status": "solved", "iterations": 100, "exploitability_pct_pot": 0.27494974631684477, "converged": true, "invariant_error_bb": -1.9460214772948348e-08, "solve_s": 306.28287079099994}
{"board": "AcQdJd", "rc": 0, "wall_s": 308.4, "peak_rss_kb_wait4": 2172020, "threads": 1, "workers": 4, "time": "2026-10-01T22:06:00", "status": "solved", "iterations": 100, "exploitability_pct_pot": 0.2473418879258378, "converged": true, "invariant_error_bb": -1.0784306780919906e-08, "solve_s": 300.896486433}
{"board": "AcKd4d", "rc": 0, "wall_s": 311.1, "peak_rss_kb_wait4": 2169976, "threads": 1, "workers": 4, "time": "2026-10-01T22:07:50", "status": "solved", "iterations": 100, "exploitability_pct_pot": 0.29874253309676907, "converged": true, "invariant_error_bb": -2.9370637477654782e-08, "solve_s": 303.382485159}
{"board": "Ac7c6d", "rc": 0, "wall_s": 382.9, "peak_rss_kb_wait4": 2174128, "threads": 1, "workers": 4, "time": "2026-10-01T22:08:45", "status": "solved", "iterations": 125, "exploitability_pct_pot": 0.215989932736018, "converged": true, "invariant_error_bb": -3.637437018255696e-09, "solve_s": 375.464526679}
